,Twitter Query: #PSTweetChat lang:en -filter:retweets,,,,,,,,,,,,,,,,,,,
Date,Screen Name,Full Name,Tweet Text,Tweet ID,Link(s),Media,Location,Retweets,Favorites,App,Followers,Follows,Listed,Verfied,User Since,Location,Bio,Website,Timezone,Profile Image
3/6/2020 14:07:44,@JeffHicks,Jeff Hicks,#PSBlogweek announcment from last month  #PSTweetChat,1236005562028044288,https://jdhitsolutions.com/blog/powershell-7/7227/a-new-powershell-psblogweek-is-coming/,,,0,0,TweetDeck,17301,1006,756,,4/22/2008,"Syracuse, NY","IT Pro veteran, Microsoft MVP, author, teacher, speaker, Pluralsight author. AKA Prof. PowerShell Emeritus.",http://jdhitsolutions.com/blog,,View
3/6/2020 14:06:32,@WindosNZ,Josh (Windos) King,@JeffHicks Thank *you* for facilitating another great #PSTweetChat,1236005258758737920,,,,0,0,Twitter Web App,1215,904,58,,7/12/2012,New Zealand,"Geek, Father, Walking Helpdesk. Microsoft MVP, Cloud and Datacenter Management.",https://ToastIT.dev,,View
3/6/2020 14:05:45,@WindosNZ,Josh (Windos) King,"@JeffHicks I'm already primed to retweet ""official"" #PS7Now bloggers, but will do my best to retweet anyone blogging about #PowerShell 7. Using that hashtag will help ensure people see it. #PSTweetChat",1236005061689405440,,,,0,0,Twitter Web App,1215,904,58,,7/12/2012,New Zealand,"Geek, Father, Walking Helpdesk. Microsoft MVP, Cloud and Datacenter Management.",https://ToastIT.dev,,View
3/6/2020 14:03:30,@WindosNZ,Josh (Windos) King,@JeffHicks Tell me about it ðŸ˜… #PSTweetChat,1236004495307362307,,https://pbs.twimg.com/media/EScrf-PUcAA4ZPr.png,,0,0,Twitter Web App,1215,904,58,,7/12/2012,New Zealand,"Geek, Father, Walking Helpdesk. Microsoft MVP, Cloud and Datacenter Management.",https://ToastIT.dev,,View
3/6/2020 14:03:09,@JeffHicks,Jeff Hicks,Thanks for spending a little time here today. #pstweetchat,1236004407453548545,,,,0,2,tchat.io,17301,1006,756,,4/22/2008,"Syracuse, NY","IT Pro veteran, Microsoft MVP, author, teacher, speaker, Pluralsight author. AKA Prof. PowerShell Emeritus.",http://jdhitsolutions.com/blog,,View
3/6/2020 14:02:49,@Jawz_84,Jos Koelewijn,@WindosNZ @JeffHicks Thanks! #PSTweetChat,1236004325861847040,,,,0,0,TweetDeck,459,287,11,,5/31/2017,"Ede, Nederland","Father, cyclist, DevOps engineer, PowerShell teacher. ADHD. I work for @Ogd_ict. Tweets mine.",https://joskw.gitbook.io/blog/,,View
3/6/2020 14:02:34,@JeffHicks,Jeff Hicks,"And if *you* are writing about #PowerShell 7, I encourage you to use the #PS7Now tag. #pstweetchat",1236004262339121153,,,,1,4,tchat.io,17301,1006,756,,4/22/2008,"Syracuse, NY","IT Pro veteran, Microsoft MVP, author, teacher, speaker, Pluralsight author. AKA Prof. PowerShell Emeritus.",http://jdhitsolutions.com/blog,,View
3/6/2020 14:01:55,@JeffHicks,Jeff Hicks,That's why I suggest adding Twitter filters for #PSBlogweek and #PS7Now #pstweetchat,1236004096114667521,,,,0,0,tchat.io,17301,1006,756,,4/22/2008,"Syracuse, NY","IT Pro veteran, Microsoft MVP, author, teacher, speaker, Pluralsight author. AKA Prof. PowerShell Emeritus.",http://jdhitsolutions.com/blog,,View
3/6/2020 14:01:48,@nanoDBA,Lars Rasmussen,@JeffHicks That video shows multiple ways to install #PS7 #PSTweetChat,1236004069967376384,https://youtu.be/jwaOehYujuI?t=246,https://pbs.twimg.com/media/EScq_p_XYAIdToP.jpg,,0,1,Twitter Web App,200,372,23,,2/27/2015,"Raleigh, NC","Member of The Church of Jesus Christ of Latter-day Saints, husband, dad, and DBA specializing in operational aspects of SQL Server. PowerShell.",,,View
3/6/2020 14:01:22,@JeffHicks,Jeff Hicks,#PSBlogweek contributors are literally from around the globe so don't expect to always see things in your time zone. #pstweetchat,1236003960508395520,,,,0,1,tchat.io,17301,1006,756,,4/22/2008,"Syracuse, NY","IT Pro veteran, Microsoft MVP, author, teacher, speaker, Pluralsight author. AKA Prof. PowerShell Emeritus.",http://jdhitsolutions.com/blog,,View
3/6/2020 14:00:57,@WindosNZ,Josh (Windos) King,"@Jawz_84 @JeffHicks Coming up next week, follow #PS7Now and #PSBlogWeek #PSTweetChat",1236003853335556098,https://jdhitsolutions.com/blog/powershell-7/7227/a-new-powershell-psblogweek-is-coming/,,,0,2,Twitter Web App,1215,904,58,,7/12/2012,New Zealand,"Geek, Father, Walking Helpdesk. Microsoft MVP, Cloud and Datacenter Management.",https://ToastIT.dev,,View
3/6/2020 14:00:20,@JeffHicks,Jeff Hicks,#PSBlogweek will have a lot of content throughout the entire week. Please retweet as you see them. #pstweetchat,1236003698846978054,,,,0,2,tchat.io,17301,1006,756,,4/22/2008,"Syracuse, NY","IT Pro veteran, Microsoft MVP, author, teacher, speaker, Pluralsight author. AKA Prof. PowerShell Emeritus.",http://jdhitsolutions.com/blog,,View
3/6/2020 13:59:47,@JeffHicks,Jeff Hicks,Watch the Twittersphere for a series of blog post announcements about articles on #PowerShell 7. Watch for the #PS7Now tag. #pstweetchat,1236003563207380994,,,,1,2,tchat.io,17301,1006,756,,4/22/2008,"Syracuse, NY","IT Pro veteran, Microsoft MVP, author, teacher, speaker, Pluralsight author. AKA Prof. PowerShell Emeritus.",http://jdhitsolutions.com/blog,,View
3/6/2020 13:58:32,@JeffHicks,Jeff Hicks,I'll post this month's transcript later today. #pstweetchat,1236003248370331658,,,,0,0,tchat.io,17301,1006,756,,4/22/2008,"Syracuse, NY","IT Pro veteran, Microsoft MVP, author, teacher, speaker, Pluralsight author. AKA Prof. PowerShell Emeritus.",http://jdhitsolutions.com/blog,,View
3/6/2020 13:58:11,@Jawz_84,Jos Koelewijn,"@WindosNZ @JeffHicks I remember reading there is a blog week on pwsh7 next week, does anyone know more about that? #PSTweetChat",1236003160147320832,,,,0,1,Twitter for Android,459,287,11,,5/31/2017,"Ede, Nederland","Father, cyclist, DevOps engineer, PowerShell teacher. ADHD. I work for @Ogd_ict. Tweets mine.",https://joskw.gitbook.io/blog/,,View
3/6/2020 13:58:00,@JeffHicks,Jeff Hicks,Transcripts of previous chats can be found at . #pstweetchat,1236003114530025472,https://github.com/jdhitsolutions/PSTweetChat,,,0,0,tchat.io,17301,1006,756,,4/22/2008,"Syracuse, NY","IT Pro veteran, Microsoft MVP, author, teacher, speaker, Pluralsight author. AKA Prof. PowerShell Emeritus.",http://jdhitsolutions.com/blog,,View
3/6/2020 13:57:24,@WindosNZ,Josh (Windos) King,@JeffHicks I happen to have been writing a couple of articles about #PowerShell 7 recently :P #PS7Now #PSTweetChat,1236002961911738369,,,,0,1,Twitter Web App,1215,904,58,,7/12/2012,New Zealand,"Geek, Father, Walking Helpdesk. Microsoft MVP, Cloud and Datacenter Management.",https://ToastIT.dev,,View
3/6/2020 13:56:22,@JeffHicks,Jeff Hicks,"I hope many of you will write about, speak about and otherwise share your experiences and knowledge about #PowerShell 7 #pstweetchat",1236002701059727365,,,,0,1,tchat.io,17301,1006,756,,4/22/2008,"Syracuse, NY","IT Pro veteran, Microsoft MVP, author, teacher, speaker, Pluralsight author. AKA Prof. PowerShell Emeritus.",http://jdhitsolutions.com/blog,,View
3/6/2020 13:55:46,@Jawz_84,Jos Koelewijn,"@JeffHicks @nanoDBA I know, and some do this. But I am really not a big fan of doing that, because of the years of muscle memory #PSTweetChat",1236002550354251777,,,,0,0,Twitter for Android,459,287,11,,5/31/2017,"Ede, Nederland","Father, cyclist, DevOps engineer, PowerShell teacher. ADHD. I work for @Ogd_ict. Tweets mine.",https://joskw.gitbook.io/blog/,,View
3/6/2020 13:54:46,@JeffHicks,Jeff Hicks,@greggZ251 @JustinWGrote The introduction of & to Windows to kick off a background task is one of those throwaway nuggets of gold. #PS7Now #PSTweetChat,1236002297710288896,,,,0,1,TweetDeck,17301,1006,756,,4/22/2008,"Syracuse, NY","IT Pro veteran, Microsoft MVP, author, teacher, speaker, Pluralsight author. AKA Prof. PowerShell Emeritus.",http://jdhitsolutions.com/blog,,View
3/6/2020 13:53:29,@JeffHicks,Jeff Hicks,@Jawz_84 @nanoDBA I know you can adjust key mappings in Windows Terminal settings. Not sure how far you can go though. #PSTweetChat,1236001974782488584,,,,0,0,TweetDeck,17301,1006,756,,4/22/2008,"Syracuse, NY","IT Pro veteran, Microsoft MVP, author, teacher, speaker, Pluralsight author. AKA Prof. PowerShell Emeritus.",http://jdhitsolutions.com/blog,,View
3/6/2020 13:52:24,@greggZ251,Gregg Lott,@Jawz_84 @JeffHicks @JustinWGrote Three times this week. You would think I would have learned by now. #pstweetchat,1236001704300208129,,,,0,1,Twitter for Android,41,129,1,,11/20/2015,,,,,View
3/6/2020 13:50:28,@Jawz_84,Jos Koelewijn,@greggZ251 @JeffHicks @JustinWGrote I used that by accident yesterday because i pasted a url as an argument for some command lol #pstweetchat,1236001215256948738,,,,0,0,Twitter for Android,459,287,11,,5/31/2017,"Ede, Nederland","Father, cyclist, DevOps engineer, PowerShell teacher. ADHD. I work for @Ogd_ict. Tweets mine.",https://joskw.gitbook.io/blog/,,View
3/6/2020 13:50:04,@JeffHicks,Jeff Hicks,@nanoDBA Yes I am. #PSTweetChat,1236001116204208128,,,,0,0,TweetDeck,17301,1006,756,,4/22/2008,"Syracuse, NY","IT Pro veteran, Microsoft MVP, author, teacher, speaker, Pluralsight author. AKA Prof. PowerShell Emeritus.",http://jdhitsolutions.com/blog,,View
3/6/2020 13:49:42,@WindosNZ,Josh (Windos) King,"The revision to the AZ-103 exam, AZ-104, is due out in beta soon. Are you planning on taking it? It's one of my goals for the year. #PSTweetChat RT @ThomasMaurer: Check out my AZ-104 Microsoft Azure Administrator Study Guide â˜ðŸŽ“  #Azure #AzOps #Certification #Career #MicrosoftAzure #Learning #MicrosoftLearn @MicrosoftLearn",1236001024017498112,"https://twitter.com/ThomasMaurer/status/1234362860001808384
https://www.thomasmaurer.ch/2020/03/az-104-study-guide-azure-administrator/",,,0,1,Twitter Web App,1215,904,58,,7/12/2012,New Zealand,"Geek, Father, Walking Helpdesk. Microsoft MVP, Cloud and Datacenter Management.",https://ToastIT.dev,,View
3/6/2020 13:49:32,@nanoDBA,Lars Rasmussen,@JeffHicks Are you running Windows Terminal on Windows 10? #PSTweetChat,1236000983714615296,,,,0,0,Twitter Web App,200,372,23,,2/27/2015,"Raleigh, NC","Member of The Church of Jesus Christ of Latter-day Saints, husband, dad, and DBA specializing in operational aspects of SQL Server. PowerShell.",,,View
3/6/2020 13:49:30,@Jawz_84,Jos Koelewijn,@JeffHicks @JustinWGrote Need to look into ErrorActionPreference Break! Ty #pstweetchat,1236000974235463682,,,,0,0,Twitter for Android,459,287,11,,5/31/2017,"Ede, Nederland","Father, cyclist, DevOps engineer, PowerShell teacher. ADHD. I work for @Ogd_ict. Tweets mine.",https://joskw.gitbook.io/blog/,,View
3/6/2020 13:49:24,@JeffHicks,Jeff Hicks,"@WindosNZ Another topic rich with ""educational"" opportunities. #PSTweetChat",1236000946263646208,,,,0,1,TweetDeck,17301,1006,756,,4/22/2008,"Syracuse, NY","IT Pro veteran, Microsoft MVP, author, teacher, speaker, Pluralsight author. AKA Prof. PowerShell Emeritus.",http://jdhitsolutions.com/blog,,View
3/6/2020 13:49:02,@nanoDBA,Lars Rasmussen,I kinda' like the colors of Write-Progress in #PS7 #PSTweetChat,1236000854177701889,,https://pbs.twimg.com/media/EScoNa9XcAAQdev.png,,0,2,Twitter Web App,200,372,23,,2/27/2015,"Raleigh, NC","Member of The Church of Jesus Christ of Latter-day Saints, husband, dad, and DBA specializing in operational aspects of SQL Server. PowerShell.",,,View
3/6/2020 13:48:55,@greggZ251,Gregg Lott,@JeffHicks @JustinWGrote What about & to throw it to a background job? #pstweetchat,1236000825509580800,,,,0,0,Twitter for Android,41,129,1,,11/20/2015,,,,,View
3/6/2020 13:48:16,@JeffHicks,Jeff Hicks,"And of course, I love running #PowerShell 7 in Windows Terminal. #PS7Now #PSTweetChat",1236000664817479680,,https://pbs.twimg.com/media/EScn6mcXYAIWlrx.jpg,,1,5,TweetDeck,17301,1006,756,,4/22/2008,"Syracuse, NY","IT Pro veteran, Microsoft MVP, author, teacher, speaker, Pluralsight author. AKA Prof. PowerShell Emeritus.",http://jdhitsolutions.com/blog,,View
3/6/2020 13:47:06,@WindosNZ,Josh (Windos) King,"@JeffHicks Missed the part of your question about Get-Error, was only thinking about the Concise error view. See a lot of value in Get-Error, but I'm overwhelmed by it at times! #PSTweetChat",1236000369848639489,,,,0,0,Twitter Web App,1215,904,58,,7/12/2012,New Zealand,"Geek, Father, Walking Helpdesk. Microsoft MVP, Cloud and Datacenter Management.",https://ToastIT.dev,,View
3/6/2020 13:45:20,@WindosNZ,Josh (Windos) King,"@Jawz_84 @iTweetNG @singhprateik I only have so much learning bandwidth! haha My personal learning path when I can give it time is leaning into C# because of the cross pollination benefits, and being able to hack on #PowerShell projects that happen to be backed by C#. #PSTweetChat",1235999924505817088,,,,0,1,Twitter Web App,1215,904,58,,7/12/2012,New Zealand,"Geek, Father, Walking Helpdesk. Microsoft MVP, Cloud and Datacenter Management.",https://ToastIT.dev,,View
3/6/2020 13:45:16,@Jawz_84,Jos Koelewijn,"@WindosNZ It's fully working, I 'just' need to rewrite it for performance, since it will be a default rule. Ast.Visitor instead of Ast.FindAll #pstweetchat",1235999907506466819,,,,0,1,Twitter for Android,459,287,11,,5/31/2017,"Ede, Nederland","Father, cyclist, DevOps engineer, PowerShell teacher. ADHD. I work for @Ogd_ict. Tweets mine.",https://joskw.gitbook.io/blog/,,View
3/6/2020 13:43:34,@nanoDBA,Lars Rasmussen,@Jawz_84 @WindosNZ @JeffHicks @proxb Big fan of PoshRSJob - I use it as a DBA against multiple SQL instances often. #PSTweetChat,1235999478123048963,,,,0,2,TweetDeck,200,372,23,,2/27/2015,"Raleigh, NC","Member of The Church of Jesus Christ of Latter-day Saints, husband, dad, and DBA specializing in operational aspects of SQL Server. PowerShell.",,,View
3/6/2020 13:43:24,@JeffHicks,Jeff Hicks,"@WindosNZ Although there's a lot more information that can be a bit intimidating, especially for non-developers. #pstweetchat",1235999437916434439,,,,0,1,TweetDeck,17301,1006,756,,4/22/2008,"Syracuse, NY","IT Pro veteran, Microsoft MVP, author, teacher, speaker, Pluralsight author. AKA Prof. PowerShell Emeritus.",http://jdhitsolutions.com/blog,,View
3/6/2020 13:43:04,@WindosNZ,Josh (Windos) King,"@Jawz_84 That'll be very valuable, thanks for putting in that work! #PSTweetChat",1235999354483126273,,,,0,1,Twitter Web App,1215,904,58,,7/12/2012,New Zealand,"Geek, Father, Walking Helpdesk. Microsoft MVP, Cloud and Datacenter Management.",https://ToastIT.dev,,View
3/6/2020 13:42:46,@Jawz_84,Jos Koelewijn,@iTweetNG @WindosNZ @singhprateik And why not both? I really enjoy contributing C# to Powershell repo's :-) #pstweetchat,1235999277652078592,,,,0,1,Twitter for Android,459,287,11,,5/31/2017,"Ede, Nederland","Father, cyclist, DevOps engineer, PowerShell teacher. ADHD. I work for @Ogd_ict. Tweets mine.",https://joskw.gitbook.io/blog/,,View
3/6/2020 13:42:14,@WindosNZ,Josh (Windos) King,"@JeffHicks Love it, a lot friendlier for newcomers. Have known plenty of people to get scared away by the big red walls of text. #PSTweetChat",1235999146630246405,,,,0,1,Twitter Web App,1215,904,58,,7/12/2012,New Zealand,"Geek, Father, Walking Helpdesk. Microsoft MVP, Cloud and Datacenter Management.",https://ToastIT.dev,,View
3/6/2020 13:42:02,@PSJamesP,James Petty,Here is the link to the @PSHChatt #CFP for PowerShell on the river.  #PSOTR #PowerShell #DevOps #PSTweetChat,1235999093039783936,https://buff.ly/37PvuQk,https://pbs.twimg.com/media/EScmoAEXkAUBpmh.png,,0,1,Buffer,1041,331,24,,6/12/2017,"Chattanooga, TN",CEO and Executive Director @DevOpsOrg and @PSHorg | - http://PowerShell.org Cloud and Datacenter MVP Automator of things and PowerShell enthusiast,http://www.ScriptAutomateRepeat.com,,View
3/6/2020 13:40:54,@Jawz_84,Jos Koelewijn,"@WindosNZ @JeffHicks @proxb Makes sense, and it is available on earlier version as well #pstweetchat",1235998811073507329,,,,0,1,Twitter for Android,459,287,11,,5/31/2017,"Ede, Nederland","Father, cyclist, DevOps engineer, PowerShell teacher. ADHD. I work for @Ogd_ict. Tweets mine.",https://joskw.gitbook.io/blog/,,View
3/6/2020 13:40:14,@WindosNZ,Josh (Windos) King,"@Jawz_84 @JeffHicks @proxb An OOB option, when I'm installing #PowerShell7 anyway, is another discussion ðŸ˜‰. #PSTweetChat",1235998640776171520,,,,0,0,Twitter Web App,1215,904,58,,7/12/2012,New Zealand,"Geek, Father, Walking Helpdesk. Microsoft MVP, Cloud and Datacenter Management.",https://ToastIT.dev,,View
3/6/2020 13:39:43,@JeffHicks,Jeff Hicks,Mark your calendars for next month's chat on 3 April at 1:00PM Eastern. #pstweetchat,1235998510371217408,,,,1,1,tchat.io,17301,1006,756,,4/22/2008,"Syracuse, NY","IT Pro veteran, Microsoft MVP, author, teacher, speaker, Pluralsight author. AKA Prof. PowerShell Emeritus.",http://jdhitsolutions.com/blog,,View
3/6/2020 13:39:30,@WindosNZ,Josh (Windos) King,"@Jawz_84 @JeffHicks @proxb I gave it serious consideration when I saw Paul demo it at #PSHSummit a few years back, but ended up deciding against it. Given PoshRSJob was already installed and in use on all the machines I touch anyway, didn't see the point in installing another module. #PSTweetChat",1235998458449821697,,,,0,0,Twitter Web App,1215,904,58,,7/12/2012,New Zealand,"Geek, Father, Walking Helpdesk. Microsoft MVP, Cloud and Datacenter Management.",https://ToastIT.dev,,View
3/6/2020 13:39:08,@Jawz_84,Jos Koelewijn,"#PSTweetChat I'm writing a new Psscriptanalyzer rule to help warn users to use the 'using' scope modifier on variables, when they change existing ForEach loops to -Parallel. You can see my progress here",1235998363843256321,https://github.com/PowerShell/PSScriptAnalyzer/pull/1419,,,1,1,Twitter for Android,459,287,11,,5/31/2017,"Ede, Nederland","Father, cyclist, DevOps engineer, PowerShell teacher. ADHD. I work for @Ogd_ict. Tweets mine.",https://joskw.gitbook.io/blog/,,View
3/6/2020 13:38:47,@JeffHicks,Jeff Hicks,What do people think about the new error formatting and the Get-Error cmdlet? #PS7Now #pstweetchat,1235998277973217286,,,,1,4,tchat.io,17301,1006,756,,4/22/2008,"Syracuse, NY","IT Pro veteran, Microsoft MVP, author, teacher, speaker, Pluralsight author. AKA Prof. PowerShell Emeritus.",http://jdhitsolutions.com/blog,,View
3/6/2020 13:38:10,@JeffHicks,Jeff Hicks,@Jawz_84 @WindosNZ @proxb I don't think many people know about Start-ThreadJob and why they should use it. Great opportunity for someone to write about. #PSTweetChat,1235998119613079552,,,,0,2,TweetDeck,17301,1006,756,,4/22/2008,"Syracuse, NY","IT Pro veteran, Microsoft MVP, author, teacher, speaker, Pluralsight author. AKA Prof. PowerShell Emeritus.",http://jdhitsolutions.com/blog,,View
3/6/2020 13:36:34,@Jawz_84,Jos Koelewijn,"@WindosNZ @JeffHicks @proxb How about Start-ThreadJob, do you use that too? #pstweetchat #forgotthehashtag",1235997719371661313,,,,0,2,Twitter for Android,459,287,11,,5/31/2017,"Ede, Nederland","Father, cyclist, DevOps engineer, PowerShell teacher. ADHD. I work for @Ogd_ict. Tweets mine.",https://joskw.gitbook.io/blog/,,View
3/6/2020 13:36:33,@JeffHicks,Jeff Hicks,@JustinWGrote There's so much crammed into #PowerShell 7. I missed the ErrorActionPreference option of Break. #PSTweetChat,1235997715248697347,,,,0,1,TweetDeck,17301,1006,756,,4/22/2008,"Syracuse, NY","IT Pro veteran, Microsoft MVP, author, teacher, speaker, Pluralsight author. AKA Prof. PowerShell Emeritus.",http://jdhitsolutions.com/blog,,View
3/6/2020 13:36:02,@nanoDBA,Lars Rasmussen,"@JeffHicks That's better - gotta have my PowerLine font. Get-WmiObject, you're not in my profile... must be calling a function or module that's calling it... #pstweetchat",1235997583509778432,,https://pbs.twimg.com/media/ESck45PXYAATNoo.png,,0,1,Twitter Web App,200,372,23,,2/27/2015,"Raleigh, NC","Member of The Church of Jesus Christ of Latter-day Saints, husband, dad, and DBA specializing in operational aspects of SQL Server. PowerShell.",,,View
3/6/2020 13:35:48,@WindosNZ,Josh (Windos) King,"I'm going to be streaming #PowerShell work again, mostly focusing on #BurntToast (because it's nearly five years old and needs some love). Will be over on Twitch and have signed up as part of @PowerShellLive. #PSTweetChat",1235997526521569281,https://www.twitch.tv/windosnz,,,0,0,Twitter Web App,1215,904,58,,7/12/2012,New Zealand,"Geek, Father, Walking Helpdesk. Microsoft MVP, Cloud and Datacenter Management.",https://ToastIT.dev,,View
3/6/2020 13:34:19,@JeffHicks,Jeff Hicks,@_brycemcdonald @iTweetNG Different tools for different tasks. But #PowerShell was intended as a glide path into C# if you need to go that route. #PSTweetChat,1235997152503099393,,,,0,2,TweetDeck,17301,1006,756,,4/22/2008,"Syracuse, NY","IT Pro veteran, Microsoft MVP, author, teacher, speaker, Pluralsight author. AKA Prof. PowerShell Emeritus.",http://jdhitsolutions.com/blog,,View
3/6/2020 13:32:51,@_brycemcdonald,Bryce,@iTweetNG After... PowerShell...? ðŸ˜¨ PowerShell is never over! ðŸ˜‚ðŸ˜‚ #pstweetchat,1235996783354015745,,,,0,2,Twitter for iPhone,571,626,18,,9/30/2015,"Kansas, USA","Powershell, Automation, DevOps, AWS, Dad, Writer, Entrepreneur. He/Him. My tweets = my own",http://brycemcdonald.net,,View
3/6/2020 13:31:59,@JeffHicks,Jeff Hicks,"If you need help understanding something in #PowerShell 7, don't forget you can get help in the forums at  #pstweetchat",1235996564088381440,http://PowerShell.org,,,2,1,TweetDeck,17301,1006,756,,4/22/2008,"Syracuse, NY","IT Pro veteran, Microsoft MVP, author, teacher, speaker, Pluralsight author. AKA Prof. PowerShell Emeritus.",http://jdhitsolutions.com/blog,,View
3/6/2020 13:31:48,@WindosNZ,Josh (Windos) King,@JeffHicks It can indeed. I've been using @proxb's PoshRSJob for years and have a fairly good handle on balancing the overhead and potential resource contention on the remote end depending on what you're doing. It sometimes feels more like an art than a science #PSTweetChat,1235996517246201856,,,,0,1,Twitter Web App,1215,904,58,,7/12/2012,New Zealand,"Geek, Father, Walking Helpdesk. Microsoft MVP, Cloud and Datacenter Management.",https://ToastIT.dev,,View
3/6/2020 13:27:59,@WindosNZ,Josh (Windos) King,@PSJamesP I knew I'd seen that somewhere! Thanks :D #PSTweetChat,1235995556482125824,,,,0,2,Twitter Web App,1215,904,58,,7/12/2012,New Zealand,"Geek, Father, Walking Helpdesk. Microsoft MVP, Cloud and Datacenter Management.",https://ToastIT.dev,,View
3/6/2020 13:27:33,@JeffHicks,Jeff Hicks,@WindosNZ That is something I've wanted in the language since Workflow was first introduced. But it is a feature that can easily be misused. #pstweetchat,1235995447984087040,,,,0,1,TweetDeck,17301,1006,756,,4/22/2008,"Syracuse, NY","IT Pro veteran, Microsoft MVP, author, teacher, speaker, Pluralsight author. AKA Prof. PowerShell Emeritus.",http://jdhitsolutions.com/blog,,View
3/6/2020 13:26:16,@WindosNZ,Josh (Windos) King,"@JeffHicks The obvious one is the dramatically increased backwards compatibility, but for me it's ForEach-Object -Parallel One less module I need to install for ""simple"" parallel work. #PSTweetChat",1235995127614558208,,,,0,0,Twitter Web App,1215,904,58,,7/12/2012,New Zealand,"Geek, Father, Walking Helpdesk. Microsoft MVP, Cloud and Datacenter Management.",https://ToastIT.dev,,View
3/6/2020 13:26:14,@PSJamesP,James Petty,#AutomationSummit Update October 21-23 2020 Nashville TN!  #PSHSummit @pshorg #PSTweetChat,1235995118261407749,https://powershell.org/2019/12/devops-automation-summit-update/,,,1,1,TweetDeck,1041,331,24,,6/12/2017,"Chattanooga, TN",CEO and Executive Director @DevOpsOrg and @PSHorg | - http://PowerShell.org Cloud and Datacenter MVP Automator of things and PowerShell enthusiast,http://www.ScriptAutomateRepeat.com,,View
3/6/2020 13:26:01,@JeffHicks,Jeff Hicks,@PSJamesP @PWSHChicago Let's hope we're not a bunch of zombies by then. #pstweetchat,1235995064888971273,,,,0,1,tchat.io,17301,1006,756,,4/22/2008,"Syracuse, NY","IT Pro veteran, Microsoft MVP, author, teacher, speaker, Pluralsight author. AKA Prof. PowerShell Emeritus.",http://jdhitsolutions.com/blog,,View
3/6/2020 13:25:20,@PSJamesP,James Petty,@WindosNZ  #CFP Opens March 24 #PSTweetChat,1235994892968570880,https://powershell.org/2019/12/devops-automation-summit-update/,,,0,2,TweetDeck,1041,331,24,,6/12/2017,"Chattanooga, TN",CEO and Executive Director @DevOpsOrg and @PSHorg | - http://PowerShell.org Cloud and Datacenter MVP Automator of things and PowerShell enthusiast,http://www.ScriptAutomateRepeat.com,,View
3/6/2020 13:25:15,@JeffHicks,Jeff Hicks,I am very intrigued by ANSI in #PowerShell 7. I'll be sharing some new stuff in the next few weeks. #PS7Now #pstweetchat,1235994870227128322,,,,0,3,tchat.io,17301,1006,756,,4/22/2008,"Syracuse, NY","IT Pro veteran, Microsoft MVP, author, teacher, speaker, Pluralsight author. AKA Prof. PowerShell Emeritus.",http://jdhitsolutions.com/blog,,View
3/6/2020 13:24:01,@PSJamesP,James Petty,I can't wait for #PowerShell Saturday Chicago June 13! @PWSHChicago #PSTweetChat,1235994559454339073,,,,2,3,Buffer,1041,331,24,,6/12/2017,"Chattanooga, TN",CEO and Executive Director @DevOpsOrg and @PSHorg | - http://PowerShell.org Cloud and Datacenter MVP Automator of things and PowerShell enthusiast,http://www.ScriptAutomateRepeat.com,,View
3/6/2020 13:23:34,@WindosNZ,Josh (Windos) King,@PSJamesP How far away is the #AutomationSummit CFP? ;) #PSTweetChat,1235994446778359808,,,,0,1,Twitter Web App,1215,904,58,,7/12/2012,New Zealand,"Geek, Father, Walking Helpdesk. Microsoft MVP, Cloud and Datacenter Management.",https://ToastIT.dev,,View
3/6/2020 13:23:33,@JeffHicks,Jeff Hicks,@nanoDBA I forgot about that command! I might need to update the help to reflect PowerShell 7 and not Core. #pstweetchat,1235994444610121731,,,,0,0,tchat.io,17301,1006,756,,4/22/2008,"Syracuse, NY","IT Pro veteran, Microsoft MVP, author, teacher, speaker, Pluralsight author. AKA Prof. PowerShell Emeritus.",http://jdhitsolutions.com/blog,,View
3/6/2020 13:22:25,@WindosNZ,Josh (Windos) King,"@JeffHicks I'll be installing it, probably use it as my interactive option of choice in Windows Terminal, but will leave stable in @Code. #PSTweetChat",1235994159531487233,,,,0,0,Twitter Web App,1215,904,58,,7/12/2012,New Zealand,"Geek, Father, Walking Helpdesk. Microsoft MVP, Cloud and Datacenter Management.",https://ToastIT.dev,,View
3/6/2020 13:21:36,@JeffHicks,Jeff Hicks,Be sure to re-read help for cmdlets you use often in #PowerShell 7. I've seen new cmdlet parameters that will be useful. #pstweetchat,1235993953666768898,,,,2,2,tchat.io,17301,1006,756,,4/22/2008,"Syracuse, NY","IT Pro veteran, Microsoft MVP, author, teacher, speaker, Pluralsight author. AKA Prof. PowerShell Emeritus.",http://jdhitsolutions.com/blog,,View
3/6/2020 13:20:38,@nanoDBA,Lars Rasmussen,@JeffHicks @PSJamesP Install-PSCore -mode Passive #PSTweetChat,1235993710027997190,,,,0,0,TweetDeck,200,372,23,,2/27/2015,"Raleigh, NC","Member of The Church of Jesus Christ of Latter-day Saints, husband, dad, and DBA specializing in operational aspects of SQL Server. PowerShell.",,,View
3/6/2020 13:20:14,@JeffHicks,Jeff Hicks,Anyone have a favorite feature or new cmdlet in #PowerShell 7 #PS7Now #pstweetchat,1235993609406689281,,,,0,0,tchat.io,17301,1006,756,,4/22/2008,"Syracuse, NY","IT Pro veteran, Microsoft MVP, author, teacher, speaker, Pluralsight author. AKA Prof. PowerShell Emeritus.",http://jdhitsolutions.com/blog,,View
3/6/2020 13:19:51,@WindosNZ,Josh (Windos) King,@JeffHicks I have a scheduled job that runs Update-Help when I login in the morning up update help... but it's only going to do it for Windows #PowerShell. Not sure on cross pollination. Should see about doing the same for #PowerShell7. #PSTweetChat,1235993511813496833,,,,0,0,Twitter Web App,1215,904,58,,7/12/2012,New Zealand,"Geek, Father, Walking Helpdesk. Microsoft MVP, Cloud and Datacenter Management.",https://ToastIT.dev,,View
3/6/2020 13:18:02,@PSJamesP,James Petty,The #CFP for PowerShell on the River is now open. Join us in #Chattanooga TN for 2 days of #PowerShell and #DevOps Awesomeness. More information at  #PSOTR #PSTweetChat,1235993054617755648,https://buff.ly/2WfsK9D,https://pbs.twimg.com/media/ESchIiXXkAQzScv.jpg,,0,3,Buffer,1041,331,24,,6/12/2017,"Chattanooga, TN",CEO and Executive Director @DevOpsOrg and @PSHorg | - http://PowerShell.org Cloud and Datacenter MVP Automator of things and PowerShell enthusiast,http://www.ScriptAutomateRepeat.com,,View
3/6/2020 13:17:51,@JeffHicks,Jeff Hicks,Now I have to decide if I stay with the stable release or move to 7.1 preview when it comes out. #pstweetchat,1235993008497188864,,,,0,1,tchat.io,17301,1006,756,,4/22/2008,"Syracuse, NY","IT Pro veteran, Microsoft MVP, author, teacher, speaker, Pluralsight author. AKA Prof. PowerShell Emeritus.",http://jdhitsolutions.com/blog,,View
3/6/2020 13:17:20,@nanoDBA,Lars Rasmussen,@JeffHicks @PSJamesP Installing the PSReleaseTools module... #PSTweetChat,1235992876821209090,,,,0,0,TweetDeck,200,372,23,,2/27/2015,"Raleigh, NC","Member of The Church of Jesus Christ of Latter-day Saints, husband, dad, and DBA specializing in operational aspects of SQL Server. PowerShell.",,,View
3/6/2020 13:16:48,@JeffHicks,Jeff Hicks,I'm not sure what the help situation was with the release but it wouldn't hurt to run Update-Help. #PS7Now #pstweetchat,1235992745191378945,,,,0,1,tchat.io,17301,1006,756,,4/22/2008,"Syracuse, NY","IT Pro veteran, Microsoft MVP, author, teacher, speaker, Pluralsight author. AKA Prof. PowerShell Emeritus.",http://jdhitsolutions.com/blog,,View
3/6/2020 13:15:42,@JeffHicks,Jeff Hicks,@nanoDBA The good news is that we got you using it! #PS7Now #pstweetchat,1235992467012493319,,,,0,1,tchat.io,17301,1006,756,,4/22/2008,"Syracuse, NY","IT Pro veteran, Microsoft MVP, author, teacher, speaker, Pluralsight author. AKA Prof. PowerShell Emeritus.",http://jdhitsolutions.com/blog,,View
3/6/2020 13:15:14,@JeffHicks,Jeff Hicks,@nanoDBA @PSJamesP Or you can use the commands in my PSReleaseTools module to download the MSI. #pstweetchat,1235992349408473093,,,,0,0,tchat.io,17301,1006,756,,4/22/2008,"Syracuse, NY","IT Pro veteran, Microsoft MVP, author, teacher, speaker, Pluralsight author. AKA Prof. PowerShell Emeritus.",http://jdhitsolutions.com/blog,,View
3/6/2020 13:14:58,@WindosNZ,Josh (Windos) King,"@iTweetNG C# would probably be the easiest, and also something you can then leverage in PowerShell from time to time. @singhprateik does have a good book on learning Python if you've already got a foundation in #PowerShell. #PSTweetChat",1235992283511570432,https://leanpub.com/PowerShell-to-Python?utm_campaign=PowerShell-to-Python&utm_medium=embed&utm_source=ridicurious.com,,,1,1,Twitter Web App,1215,904,58,,7/12/2012,New Zealand,"Geek, Father, Walking Helpdesk. Microsoft MVP, Cloud and Datacenter Management.",https://ToastIT.dev,,View
3/6/2020 13:14:23,@nanoDBA,Lars Rasmussen,@JeffHicks @PSJamesP I probably should have used 'choco install powershell-core' ' #PSTweetChat,1235992137168302081,http://bit.ly/2TI3vwZ,,,0,0,TweetDeck,200,372,23,,2/27/2015,"Raleigh, NC","Member of The Church of Jesus Christ of Latter-day Saints, husband, dad, and DBA specializing in operational aspects of SQL Server. PowerShell.",,,View
3/6/2020 13:14:11,@steviecoaster,Stephen Valdinger,Currently in Chicago on the way home from @chocolateynuget offices. #PSTweetChat,1235992083959353346,,,,0,0,Twitter for Android,661,292,10,,12/4/2011,Ohio,"I'm like a Farmer's Insurance policy of software package automation. I know a thing or two, because I've seen a thing or two.",https://steviecoaster.dev,,View
3/6/2020 13:12:42,@JeffHicks,Jeff Hicks,@nanoDBA @PSJamesP But it is just an msi which means you could install from the console. #PSTweetChat,1235991712067194882,,,,0,1,TweetDeck,17301,1006,756,,4/22/2008,"Syracuse, NY","IT Pro veteran, Microsoft MVP, author, teacher, speaker, Pluralsight author. AKA Prof. PowerShell Emeritus.",http://jdhitsolutions.com/blog,,View
3/6/2020 13:12:25,@PSJamesP,James Petty,"Speaking of which, were are @steviecoaster and @MikeKanakos #PSTweetChat",1235991639618920449,,,,0,1,TweetDeck,1041,331,24,,6/12/2017,"Chattanooga, TN",CEO and Executive Director @DevOpsOrg and @PSHorg | - http://PowerShell.org Cloud and Datacenter MVP Automator of things and PowerShell enthusiast,http://www.ScriptAutomateRepeat.com,,View
3/6/2020 13:12:04,@JeffHicks,Jeff Hicks,"@nanoDBA @PSJamesP We forgive you Lars. And in this case, installing from the GUI is probably ok. #PSTweetChat",1235991552595554314,,,,0,0,TweetDeck,17301,1006,756,,4/22/2008,"Syracuse, NY","IT Pro veteran, Microsoft MVP, author, teacher, speaker, Pluralsight author. AKA Prof. PowerShell Emeritus.",http://jdhitsolutions.com/blog,,View
3/6/2020 13:12:00,@PSJamesP,James Petty,@nanoDBA @steviecoaster can help you with that. #PSTweetChat,1235991535566688256,,,,0,0,TweetDeck,1041,331,24,,6/12/2017,"Chattanooga, TN",CEO and Executive Director @DevOpsOrg and @PSHorg | - http://PowerShell.org Cloud and Datacenter MVP Automator of things and PowerShell enthusiast,http://www.ScriptAutomateRepeat.com,,View
3/6/2020 13:11:58,@WindosNZ,Josh (Windos) King,"I had the honour of being one of a cadre of presenters at this month's virtual @rtpsug meeting talking about #PowerShell 7 features, was a lot of fun! #PSTweetChat",1235991528025153536,https://www.youtube.com/watch?v=u3zXMv69uNA,,,0,2,Twitter Web App,1215,904,58,,7/12/2012,New Zealand,"Geek, Father, Walking Helpdesk. Microsoft MVP, Cloud and Datacenter Management.",https://ToastIT.dev,,View
3/6/2020 13:11:43,@iTweetNG,OJIE,#pstweetchat After Powershell is it Python or C#?,1235991466721390593,,,,0,3,Twitter for Android,935,932,4,,1/12/2013,Lagos Nigeria,Advocate of Unpopular Opinions and Non Conformist ideas âœŒï¸ #powershell #Microsoft365 #Exchange #Azure #CloudnScript #Aries ðŸ‡³ðŸ‡¬ðŸ‡¯ðŸ‡²,https://www.linkedin.com/in/victor-e-5683a112a,,View
3/6/2020 13:11:09,@JeffHicks,Jeff Hicks,Add Twitter filters for #PSBlogweek and #PS7Now. Also counting on the community to retweet as they see things. #pstweetchat,1235991322210729984,,,,0,1,tchat.io,17301,1006,756,,4/22/2008,"Syracuse, NY","IT Pro veteran, Microsoft MVP, author, teacher, speaker, Pluralsight author. AKA Prof. PowerShell Emeritus.",http://jdhitsolutions.com/blog,,View
3/6/2020 13:10:43,@nanoDBA,Lars Rasmussen,@PSJamesP Feel like I should be using the command line instead of clicking through the GUI MSI installer to install #PowerShell7 #PSTweetChat #PS7Now,1235991214215872512,,https://pbs.twimg.com/media/EScfLZNXcAAt0iT.png,,0,0,Twitter Web App,200,372,23,,2/27/2015,"Raleigh, NC","Member of The Church of Jesus Christ of Latter-day Saints, husband, dad, and DBA specializing in operational aspects of SQL Server. PowerShell.",,,View
3/6/2020 13:10:21,@JeffHicks,Jeff Hicks,I can't believe I almost forget. #PSBlogweek will start in the next few days. #pstweetchat,1235991121802735616,,,,1,1,tchat.io,17301,1006,756,,4/22/2008,"Syracuse, NY","IT Pro veteran, Microsoft MVP, author, teacher, speaker, Pluralsight author. AKA Prof. PowerShell Emeritus.",http://jdhitsolutions.com/blog,,View
3/6/2020 13:08:36,@WindosNZ,Josh (Windos) King,@MrTerzic @JeffHicks I hear that! When I WFH my two older kids are at school so it's just the baby at home. Can't do it on teacher only days! #PSTweetChat,1235990678477221888,,,,0,1,Twitter Web App,1215,904,58,,7/12/2012,New Zealand,"Geek, Father, Walking Helpdesk. Microsoft MVP, Cloud and Datacenter Management.",https://ToastIT.dev,,View
3/6/2020 13:08:06,@fuselamb,David Lamb,"@JeffHicks Not yet, but itâ€™s on my agenda for the upcoming week. #pstweetchat",1235990555693379585,,,,0,1,Twitter for iPhone,202,204,16,,8/20/2009,"Earth, Sol System","Windows Server administrator, PowerShell fan, life long learner, and overall geek.",,,View
3/6/2020 13:07:34,@JeffHicks,Jeff Hicks,"@WindosNZ @github That is probably a safe bet. And yes, these are Github numbers. #PSTweetChat",1235990421639176192,,,,0,0,TweetDeck,17301,1006,756,,4/22/2008,"Syracuse, NY","IT Pro veteran, Microsoft MVP, author, teacher, speaker, Pluralsight author. AKA Prof. PowerShell Emeritus.",http://jdhitsolutions.com/blog,,View
3/6/2020 13:07:02,@PSJamesP,James Petty,I installed #PowerShell7 on my mac and windows pc. #PS7Now #PSTweetChat,1235990284858769409,,,,0,0,Buffer,1041,331,24,,6/12/2017,"Chattanooga, TN",CEO and Executive Director @DevOpsOrg and @PSHorg | - http://PowerShell.org Cloud and Datacenter MVP Automator of things and PowerShell enthusiast,http://www.ScriptAutomateRepeat.com,,View
3/6/2020 13:06:50,@WindosNZ,Josh (Windos) King,@JeffHicks That's only the stats from @github? I Imagine the downloads via the linux specific channels are probably a lot higher #PSTweetChat,1235990235768471552,,,,0,0,Twitter Web App,1215,904,58,,7/12/2012,New Zealand,"Geek, Father, Walking Helpdesk. Microsoft MVP, Cloud and Datacenter Management.",https://ToastIT.dev,,View
3/6/2020 13:06:12,@MrTerzic,VukaÅ¡in TerziÄ‡ â˜ï¸,@JeffHicks I love working remotely. I don't go to the office whenever I don't have to. But I also can't work from home #kids #pstweetchat,1235990077920219136,,,,0,1,Twitter Web App,79,384,2,,4/24/2016,,Microsoft Azure â˜ï¸ and PowerShell enthusiast. Experienced IT consultant and solution architect. Blogging at http://AzureIs.Fun I enjoy ðŸ‘¨â€ðŸ‘©â€ðŸ‘§â˜•ï¸ðŸŒŠðŸ¤¿ðŸƒðŸ»â€â™‚ï¸ðŸª‚,http://vukasinterzic.com,,View
3/6/2020 13:05:58,@JeffHicks,Jeff Hicks,Don't forget to update to the newest PowerShell extension in VSCode as well. It is *much* improved. #pstweetchat,1235990019908734981,,,,0,0,tchat.io,17301,1006,756,,4/22/2008,"Syracuse, NY","IT Pro veteran, Microsoft MVP, author, teacher, speaker, Pluralsight author. AKA Prof. PowerShell Emeritus.",http://jdhitsolutions.com/blog,,View
3/6/2020 13:05:34,@WindosNZ,Josh (Windos) King,"@JeffHicks If the virus takes hold a little more in NZ, that might be a touch more frequent thoughðŸ˜· #PSTweetChat",1235989916506402817,,,,0,0,Twitter Web App,1215,904,58,,7/12/2012,New Zealand,"Geek, Father, Walking Helpdesk. Microsoft MVP, Cloud and Datacenter Management.",https://ToastIT.dev,,View
3/6/2020 13:05:00,@JeffHicks,Jeff Hicks,Here's the latest download numbers for #PowerShell 7 #PSTweetChat,1235989773891837953,,https://pbs.twimg.com/media/ESceEBbXcAMT179.jpg,,0,3,TweetDeck,17301,1006,756,,4/22/2008,"Syracuse, NY","IT Pro veteran, Microsoft MVP, author, teacher, speaker, Pluralsight author. AKA Prof. PowerShell Emeritus.",http://jdhitsolutions.com/blog,,View
3/6/2020 13:04:38,@WindosNZ,Josh (Windos) King,"@JeffHicks It's a shame that it took an event like this to make some employers consider that WFH is feasible. I'm lucky in that my boss re-enforced that I could do it since my interview, and probably do it once a fortnight. #PSTweetChat",1235989680283201537,,,,0,1,Twitter Web App,1215,904,58,,7/12/2012,New Zealand,"Geek, Father, Walking Helpdesk. Microsoft MVP, Cloud and Datacenter Management.",https://ToastIT.dev,,View
3/6/2020 13:03:06,@WindosNZ,Josh (Windos) King,"@JeffHicks My laptop and workstation are on #PowerShell 7, and it's set in @code, might work on management VMs as I encounter them :P #PSTweetChat",1235989297376808960,,,,0,0,Twitter Web App,1215,904,58,,7/12/2012,New Zealand,"Geek, Father, Walking Helpdesk. Microsoft MVP, Cloud and Datacenter Management.",https://ToastIT.dev,,View
3/6/2020 13:02:17,@JeffHicks,Jeff Hicks,I'm betting there are more people working from home today than usual. #pstweetchat,1235989089620578304,,,,0,1,tchat.io,17301,1006,756,,4/22/2008,"Syracuse, NY","IT Pro veteran, Microsoft MVP, author, teacher, speaker, Pluralsight author. AKA Prof. PowerShell Emeritus.",http://jdhitsolutions.com/blog,,View
3/6/2020 13:01:42,@JeffHicks,Jeff Hicks,I trust everyone is finished upgrading to #PowerShell 7. ;-) #pstweetchat,1235988945340715011,,,,0,3,tchat.io,17301,1006,756,,4/22/2008,"Syracuse, NY","IT Pro veteran, Microsoft MVP, author, teacher, speaker, Pluralsight author. AKA Prof. PowerShell Emeritus.",http://jdhitsolutions.com/blog,,View
3/6/2020 13:01:17,@PSJamesP,James Petty,Who is ready for #PSTweetChat ?,1235988838339825664,,,,0,1,Buffer,1041,331,24,,6/12/2017,"Chattanooga, TN",CEO and Executive Director @DevOpsOrg and @PSHorg | - http://PowerShell.org Cloud and Datacenter MVP Automator of things and PowerShell enthusiast,http://www.ScriptAutomateRepeat.com,,View
3/6/2020 13:00:51,@JeffHicks,Jeff Hicks,And we're live. #pstweetchat,1235988728201596928,,,,1,1,tchat.io,17301,1006,756,,4/22/2008,"Syracuse, NY","IT Pro veteran, Microsoft MVP, author, teacher, speaker, Pluralsight author. AKA Prof. PowerShell Emeritus.",http://jdhitsolutions.com/blog,,View
3/6/2020 12:55:59,@JeffHicks,Jeff Hicks,A transcript of today's chat will (hopefully) be available later today. So be sure to include the tag --> #pstweetchat,1235987506052632577,,,,0,0,tchat.io,17301,1006,756,,4/22/2008,"Syracuse, NY","IT Pro veteran, Microsoft MVP, author, teacher, speaker, Pluralsight author. AKA Prof. PowerShell Emeritus.",http://jdhitsolutions.com/blog,,View
3/6/2020 12:39:00,@JeffHicks,Jeff Hicks,#PowerShell chat at the top of the hour. Use #PSTweetChat tag to follow along.,1235983230509240323,,,,0,0,TweetDeck,17301,1006,756,,4/22/2008,"Syracuse, NY","IT Pro veteran, Microsoft MVP, author, teacher, speaker, Pluralsight author. AKA Prof. PowerShell Emeritus.",http://jdhitsolutions.com/blog,,View
3/6/2020 12:05:29,@JeffHicks,Jeff Hicks,Got questions about #PowerShell 7? Our monthly chat at 1PM Eastern is a great chance to get them answered. #PSTweetChat,1235974795080196098,,,,0,1,TweetDeck,17301,1006,756,,4/22/2008,"Syracuse, NY","IT Pro veteran, Microsoft MVP, author, teacher, speaker, Pluralsight author. AKA Prof. PowerShell Emeritus.",http://jdhitsolutions.com/blog,,View
3/6/2020 8:18:49,@JeffHicks,Jeff Hicks,Chatting all things #PowerShell today at 1PM Eastern #PSTweetChat,1235917754764529666,,,,1,2,TweetDeck,17300,1006,756,,4/22/2008,"Syracuse, NY","IT Pro veteran, Microsoft MVP, author, teacher, speaker, Pluralsight author. AKA Prof. PowerShell Emeritus.",http://jdhitsolutions.com/blog,,View
3/5/2020 13:33:00,@JeffHicks,Jeff Hicks,Hope you can join in the monthly #PowerShell chat tomorrow 1PM Eastern. Use tag #PSTweetChat to follow along.,1235634432192675840,,,,0,0,TweetDeck,17289,1006,756,,4/22/2008,"Syracuse, NY","IT Pro veteran, Microsoft MVP, author, teacher, speaker, Pluralsight author. AKA Prof. PowerShell Emeritus.",http://jdhitsolutions.com/blog,,View
3/4/2020 15:33:47,@WindosNZ,Josh (Windos) King,I have a sneaking suspicion that there might be a heavy lean towards a certain topic during tomorrow's #PSTweetChat #PowerShell #PS7Now,1235302443090612225,,,,0,2,TweetDeck,1208,899,58,,7/12/2012,New Zealand,"Geek, Father, Walking Helpdesk. Microsoft MVP, Cloud and Datacenter Management.",https://ToastIT.dev,,View
3/4/2020 12:36:05,@feoh,Chris Patti,@JeffHicks I've been super impressed looking at the #powershell support provided by at least the big two cloud providers. It could be the ultimate non DSL for building cloud infrastructure! #pstweetchat,1235257720401518593,,,,0,0,Twitter Web App,736,1534,55,,3/6/2007,"Somerville, MA. USA",I chase shiny things and work in the clouds :),,,View
3/4/2020 12:32:00,@JeffHicks,Jeff Hicks,Chatting #PowerShell this Friday at 1PM Eastern. #PSTweetChat,1235256693266755584,,,,3,4,TweetDeck,17266,1006,756,,4/22/2008,"Syracuse, NY","IT Pro veteran, Microsoft MVP, author, teacher, speaker, Pluralsight author. AKA Prof. PowerShell Emeritus.",http://jdhitsolutions.com/blog,,View
3/2/2020 11:11:59,@JeffHicks,Jeff Hicks,#PowerShell #PSTweetChat this Friday at 1:00PM Eastern,1234511783320223744,,,,2,1,TweetDeck,17262,1006,756,,4/22/2008,"Syracuse, NY","IT Pro veteran, Microsoft MVP, author, teacher, speaker, Pluralsight author. AKA Prof. PowerShell Emeritus.",http://jdhitsolutions.com/blog,,View
2/20/2020 15:36:00,@WindosNZ,Josh (Windos) King,"Don't forget, #PSChatAPAC is this afternoon (2PM AEDT)! This is an #APAC friendly version of #PSTweetChat where you can come hangout and talk about #PowerShell and #DevOps here on Twitter! Check when this is in your time zone and set a reminder:",1230591955886698496,https://everytimezone.com/s/e5452a3d,,,1,0,TweetDeck,1169,871,58,,7/12/2012,New Zealand,"Geek, Father, Walking Helpdesk. Microsoft MVP, Cloud and Datacenter Management.",https://ToastIT.dev,,View
2/18/2020 15:00:42,@WindosNZ,Josh (Windos) King,"This Friday at 2 PM AEDT here on Twitter, come hang out for #PSChatAPAC and talk about anything #PowerShell and #DevOps This is a tweet chat, much like #PSTweetChat... just at a time that's a bit friendlier for those in the #APAC region.",1229858299551440897,,,,0,0,TweetDeck,1165,866,58,,7/12/2012,New Zealand,"Geek, Father, Walking Helpdesk. Microsoft MVP, Cloud and Datacenter Management.",https://ToastIT.dev,,View
2/8/2020 10:16:00,@iconohash,IconoHash,Your daily conversation report is ready for #PSTweetChat for Feb 7th,1226162773010395137,http://iconohash.com/PSTweetChat/2020-02-07,,,0,0,IconoHash,247,41,12,,12/9/2016,,the world's conversation archive. don't see your chat in the archive? Drop us a tweet :-) created by @josecotto,http://iconohash.com,,View
2/7/2020 17:48:25,@FCampo,FabiÃ¡n Campo HenrÃ­quez,@JeffHicks @MikeKanakos I'm using Windows Terminal too #PSTweetChat,1225914239417815052,,,,0,1,Twitter for Android,472,878,23,,2/5/2009,Bogota,"Dad, Microsoft MVP cloud and datacenter, MCT, MCSE, MCSD, influencer speaker. #Azure #office365",http://about.me/fabiancampo,,View
2/7/2020 17:20:10,@JeffHicks,Jeff Hicks,A bit rougher than usual but transcripts for today's #PSTweetChat can be found at,1225907130793897984,https://github.com/jdhitsolutions/PSTweetChat/tree/master/transcripts,,,0,1,TweetDeck,17079,1005,757,,4/22/2008,"Syracuse, NY","IT Pro veteran, Microsoft MVP, author, teacher, speaker, Pluralsight author. AKA Prof. PowerShell Emeritus.",http://jdhitsolutions.com/blog,,View
2/7/2020 15:03:49,@DanielSilv9,Daniel Silva,#PSTweetChat today I will be streaming some PowerShell #universalDashboard ðŸ˜Š Maybe you want to come say hi and hang out RT @DanielSilv9: ðŸ”´ Stream day! Resume our home dashboard with #universalDashboard and python! We will be sending the data fetched from the sensors to a rest API created with the UD module. If we have time we will start building the dashboard itself! 9pm Lisbon/London time,1225872814743412738,"https://twitter.com/DanielSilv9/status/1225721876405784576
https://www.twitch.tv/danielssilvadev",,,0,2,Twitter for Android,488,743,18,,7/13/2015,"Lisbon, Portugal",.NET Core & EF Core developer | Speaker | Raspberry Pi enthusiast | PowerShell IoT explorer | Microsoft.Powershell.IoT maintainer,https://danielssilva.dev/,,View
2/7/2020 14:33:17,@SOZDBA,Shane O'Neill,Ah no!!! I missed #PSTweetchat,1225865131592241152,,,,0,1,Twitter for Android,1314,2294,30,,2/26/2009,Ireland,"He/Him. DBA. PowerShell. Food, Coffee, Whiskey (not necessarily in that order)... Social Media person for DBAFundamentals",http://nocolumnname.blog,,View
2/7/2020 14:03:25,@WindosNZ,Josh (Windos) King,"Thanks for facilitating another awesome #PSTweetChat, @JeffHicks. Look forward to it every month!",1225857613574754307,,,,0,0,Twitter Web App,1150,855,57,,7/12/2012,New Zealand,"Geek, Father, Walking Helpdesk. Microsoft MVP, Cloud and Datacenter Management.",https://ToastIT.dev,,View
2/7/2020 14:01:09,@WindosNZ,Josh (Windos) King,@pcgeek86 Gotta spread the love with @TylerLeonhardt @steviecoaster @markwragg That module wouldn't have come about without some awesome people working together! #PSTweetChat,1225857045196197891,,,,2,5,Twitter Web App,1150,855,57,,7/12/2012,New Zealand,"Geek, Father, Walking Helpdesk. Microsoft MVP, Cloud and Datacenter Management.",https://ToastIT.dev,,View
2/7/2020 13:59:45,@JeffHicks,Jeff Hicks,Thanks for hanging out today and sharing. Hope to see you all next month. #pstweetchat,1225856692845457408,,,,0,4,tchat.io,17077,1005,757,,4/22/2008,"Syracuse, NY","IT Pro veteran, Microsoft MVP, author, teacher, speaker, Pluralsight author. AKA Prof. PowerShell Emeritus.",http://jdhitsolutions.com/blog,,View
2/7/2020 13:59:25,@MikeKanakos,Mike Kanakos,@BrettMiller_IT @steviecoaster let's all chip in buy @steviecoaster a watch.... #pstweetchat,1225856610549084160,,pic.twitter.com/qnJimqSH0r,,0,0,Twitter Web App,1187,441,36,,8/30/2012,"Apex, NC","Leader @RTPSUG | Techwriter: @4sysops, @ipswitch | Contributor: PowerShell Conf Book vol1&2 | http://Powershell.org community director",https://networkadm.in,,View
2/7/2020 13:59:00,@pcgeek86,Trevor Sullivan ðŸš€,I started experimenting with creating an interactive #PowerShell Introduction course using the @teamKatacoda platform.  #OpenSource #PSTweetChat #Microsoft,1225856504210706433,https://github.com/pcgeek86/katacoda-scenarios,https://pbs.twimg.com/media/EQMd8ZPU4AEGwS4.jpg,,0,2,TweetDeck,4243,1134,529,,12/27/2008,"Seattle, Washington",Rebellion to tyrants is obedience to God.,https://trevorsullivan.net,,View
2/7/2020 13:57:32,@WindosNZ,Josh (Windos) King,"This month's #PSChatAPAC is scheduled for Friday, February 21 @ 2PM AEDT Set a reminder in your calendar for some APAC timezone friendly #PSTweetChat",1225856135917264896,,,,1,1,Twitter Web App,1150,855,57,,7/12/2012,New Zealand,"Geek, Father, Walking Helpdesk. Microsoft MVP, Cloud and Datacenter Management.",https://ToastIT.dev,,View
2/7/2020 13:57:24,@thedavecarroll,Dave Carroll,@JeffHicks @MikeKanakos #IronScripter challenges are awesome learning tools! #PSTweetChat,1225856101373050880,,,,0,1,TweetDeck,516,1316,10,,5/3/2011,"Nashville, TN",Married to an amazing woman. #PowerShell blogger. Punster. Cynophilist. Cinephile. Technologist. INTJ. Tweets-93% tech/7% random. He/him/his/himself,https://powershell.anovelidea.org/?utm_source=twitter&utm_medium=social&utm_campaign=profile,,View
2/7/2020 13:56:33,@JeffHicks,Jeff Hicks,I'll post a transcript later today. #pstweetchat,1225855888222806016,,,,0,2,tchat.io,17077,1005,757,,4/22/2008,"Syracuse, NY","IT Pro veteran, Microsoft MVP, author, teacher, speaker, Pluralsight author. AKA Prof. PowerShell Emeritus.",http://jdhitsolutions.com/blog,,View
2/7/2020 13:56:30,@pcgeek86,Trevor Sullivan ðŸš€,Trigger Native Operating System Notifications with #PowerShell Features PoshNotify module from @WindosNZ  #Microsoft #VSCode #PSTweetChat,1225855873995534337,https://github.com/Windos/PoshNotify,https://pbs.twimg.com/media/EQMdZ_-UcAEN80Y.jpg,,0,6,TweetDeck,4243,1134,529,,12/27/2008,"Seattle, Washington",Rebellion to tyrants is obedience to God.,https://trevorsullivan.net,,View
2/7/2020 13:56:06,@JeffHicks,Jeff Hicks,@steviecoaster We're getting a healthy dose today. My dog loves it. She gets my attention next. #pstweetchat,1225855773986738178,,,,0,0,tchat.io,17077,1005,757,,4/22/2008,"Syracuse, NY","IT Pro veteran, Microsoft MVP, author, teacher, speaker, Pluralsight author. AKA Prof. PowerShell Emeritus.",http://jdhitsolutions.com/blog,,View
2/7/2020 13:55:59,@thedavecarroll,Dave Carroll,Are you needing to get up-and-running with #PowerShell with no prior knowledge? Check out my blog post for the #IronScripter beginner challenge walk-through. #PSTweetChat,1225855743414427648,http://bit.ly/2OMqeXO,,,0,4,Twitter Web App,516,1316,10,,5/3/2011,"Nashville, TN",Married to an amazing woman. #PowerShell blogger. Punster. Cynophilist. Cinephile. Technologist. INTJ. Tweets-93% tech/7% random. He/him/his/himself,https://powershell.anovelidea.org/?utm_source=twitter&utm_medium=social&utm_campaign=profile,,View
2/7/2020 13:55:38,@BrettMiller_IT,Brett Miller,@steviecoaster I mean you're only an hour late #PSTweetChat,1225855655917105154,,,,0,0,TweetDeck,981,540,30,,1/16/2017,"Whitley Bay (Newcastle), UK","Automating things in clouds with #PowerShell, @microsoft MVP, I have no idea what I'm doing.",https://millerb.co.uk,,View
2/7/2020 13:55:11,@steviecoaster,Stephen Valdinger,"#PSTweetchat time! First snow of the year here and I had a 6 yr old begging to sled. Family first, folks!",1225855543702687744,,,,0,2,Twitter for Android,644,295,10,,12/4/2011,Ohio,"I'm like a Farmer's Insurance policy of software package automation. I know a thing or two, because I've seen a thing or two.",https://steviecoaster.dev,,View
2/7/2020 13:54:41,@JeffHicks,Jeff Hicks,@MikeKanakos @thedavecarroll I'd like to think I do this on a regular basis already. #PSTweetChat #PowerShell,1225855418674577410,,,,0,1,TweetDeck,17077,1005,757,,4/22/2008,"Syracuse, NY","IT Pro veteran, Microsoft MVP, author, teacher, speaker, Pluralsight author. AKA Prof. PowerShell Emeritus.",http://jdhitsolutions.com/blog,,View
2/7/2020 13:54:09,@WindosNZ,Josh (Windos) King,"@JeffHicks Not really, but that does remind me... #PSTweetChat",1225855284247056384,,,,0,0,TweetDeck,1150,855,57,,7/12/2012,New Zealand,"Geek, Father, Walking Helpdesk. Microsoft MVP, Cloud and Datacenter Management.",https://ToastIT.dev,,View
2/7/2020 13:53:43,@WindosNZ,Josh (Windos) King,"The #BurntToast #PowerShell module turns five this year, I may have something special planned! #PSTweetChat",1225855175446814720,,,,3,6,Twitter Web App,1150,855,57,,7/12/2012,New Zealand,"Geek, Father, Walking Helpdesk. Microsoft MVP, Cloud and Datacenter Management.",https://ToastIT.dev,,View
2/7/2020 13:53:19,@JeffHicks,Jeff Hicks,@WindosNZ did you ever get traction with this chat on your side of the world? #pstweetchat,1225855073034625030,,,,0,1,tchat.io,17077,1005,757,,4/22/2008,"Syracuse, NY","IT Pro veteran, Microsoft MVP, author, teacher, speaker, Pluralsight author. AKA Prof. PowerShell Emeritus.",http://jdhitsolutions.com/blog,,View
2/7/2020 13:53:06,@MikeKanakos,Mike Kanakos,@thedavecarroll It can be big or small. help someone get over a hurdle or introduce to a new topic they never considered. #powershell #PSTweetChat,1225855018068254721,,,,0,0,TweetDeck,1187,441,36,,8/30/2012,"Apex, NC","Leader @RTPSUG | Techwriter: @4sysops, @ipswitch | Contributor: PowerShell Conf Book vol1&2 | http://Powershell.org community director",https://networkadm.in,,View
2/7/2020 13:52:14,@thedavecarroll,Dave Carroll,@MikeKanakos Challenge accepted! #PSTweetChat,1225854799389843456,,,,0,2,TweetDeck,516,1316,10,,5/3/2011,"Nashville, TN",Married to an amazing woman. #PowerShell blogger. Punster. Cynophilist. Cinephile. Technologist. INTJ. Tweets-93% tech/7% random. He/him/his/himself,https://powershell.anovelidea.org/?utm_source=twitter&utm_medium=social&utm_campaign=profile,,View
2/7/2020 13:51:33,@MikeKanakos,Mike Kanakos,I would like to challenge everyone to come back next month with an example of how you helped someone learn something new with #powershell #pstweetchat #community #PSHSummit,1225854630350839809,,,,1,3,TweetDeck,1187,441,36,,8/30/2012,"Apex, NC","Leader @RTPSUG | Techwriter: @4sysops, @ipswitch | Contributor: PowerShell Conf Book vol1&2 | http://Powershell.org community director",https://networkadm.in,,View
2/7/2020 13:49:27,@JeffHicks,Jeff Hicks,Set a reminder for next month's chat on 6 March at 1:00PM Eastern. #pstweetchat,1225854102627848193,,,,1,4,tchat.io,17077,1005,757,,4/22/2008,"Syracuse, NY","IT Pro veteran, Microsoft MVP, author, teacher, speaker, Pluralsight author. AKA Prof. PowerShell Emeritus.",http://jdhitsolutions.com/blog,,View
2/7/2020 13:46:52,@Schlauge,Phil Bossman,Nothing better then working on #PowerShell from an @rtpsug Pint glass #PSTweetChat,1225853451499921410,,,,0,3,TweetDeck,292,422,5,,8/7/2014,"Raleigh, NC","Husband-Father, Persistent Learner, PowerShell Junkie, Co-Organizer RTPSUG, Citrix Engineer, EUC Opinions are my own",http://schlauge.com,,View
2/7/2020 13:46:30,@thedavecarroll,Dave Carroll,Who else is anticipating #PSBlogWeek? #PSTweetChat RT @JeffHicks: Also want to make sure everyone knows about the upcoming #PSBlogweek on PowerShell 7  #pstweetchat,1225853358436732930,"https://twitter.com/JeffHicks/status/1225846037983657984
https://jdhitsolutions.com/blog/powershell-7/7227/a-new-powershell-psblogweek-is-coming/",,,0,3,TweetDeck,516,1316,10,,5/3/2011,"Nashville, TN",Married to an amazing woman. #PowerShell blogger. Punster. Cynophilist. Cinephile. Technologist. INTJ. Tweets-93% tech/7% random. He/him/his/himself,https://powershell.anovelidea.org/?utm_source=twitter&utm_medium=social&utm_campaign=profile,,View
2/7/2020 13:45:30,@MikeKanakos,Mike Kanakos,@BrettMiller_IT @greggZ251 @Schlauge that can be arranged. we might even be able to send a care package... #PSTweetChat,1225853104782004227,,,,0,1,TweetDeck,1187,441,36,,8/30/2012,"Apex, NC","Leader @RTPSUG | Techwriter: @4sysops, @ipswitch | Contributor: PowerShell Conf Book vol1&2 | http://Powershell.org community director",https://networkadm.in,,View
2/7/2020 13:44:59,@BrettMiller_IT,Brett Miller,"@MikeKanakos @greggZ251 @Schlauge You supply the beer, i'm there #PSTweetChat",1225852977895936000,,,,0,0,TweetDeck,981,540,30,,1/16/2017,"Whitley Bay (Newcastle), UK","Automating things in clouds with #PowerShell, @microsoft MVP, I have no idea what I'm doing.",https://millerb.co.uk,,View
2/7/2020 13:44:37,@MikeKanakos,Mike Kanakos,@BrettMiller_IT @greggZ251 @Schlauge time is such a weird constraint... nothing a few cold ones or a gin cant offset. #PSTweetChat,1225852882991407104,,,,0,1,TweetDeck,1187,441,36,,8/30/2012,"Apex, NC","Leader @RTPSUG | Techwriter: @4sysops, @ipswitch | Contributor: PowerShell Conf Book vol1&2 | http://Powershell.org community director",https://networkadm.in,,View
2/7/2020 13:44:16,@Schlauge,Phil Bossman,@WindosNZ @code @pcgeek86 I'll need to check this out #PSTweetChat,1225852796517388293,,,,0,2,TweetDeck,292,422,5,,8/7/2014,"Raleigh, NC","Husband-Father, Persistent Learner, PowerShell Junkie, Co-Organizer RTPSUG, Citrix Engineer, EUC Opinions are my own",http://schlauge.com,,View
2/7/2020 13:43:53,@greggZ251,Gregg Lott,@WindosNZ Getting ready to give it a spin and see. #PSTweetChat,1225852699448664066,,,,0,1,TweetDeck,40,126,1,,11/20/2015,,,,,View
2/7/2020 13:43:31,@WindosNZ,Josh (Windos) King,"@Schlauge @code I've been thinking about using the Requirements module to check for and install the extensions I use. Check out @pcgeek86's video, there's a demo showing this towards the end. #PSTweetChat",1225852606993465347,https://www.youtube.com/watch?v=efRnjlZKCGw,,,1,1,Twitter Web App,1150,855,57,,7/12/2012,New Zealand,"Geek, Father, Walking Helpdesk. Microsoft MVP, Cloud and Datacenter Management.",https://ToastIT.dev,,View
2/7/2020 13:43:14,@thedavecarroll,Dave Carroll,@BrettMiller_IT @Schlauge @code This is cool if you have multiple systems to keep the config in sync. #PSTweetChat,1225852536504115204,,,,0,0,TweetDeck,516,1316,10,,5/3/2011,"Nashville, TN",Married to an amazing woman. #PowerShell blogger. Punster. Cynophilist. Cinephile. Technologist. INTJ. Tweets-93% tech/7% random. He/him/his/himself,https://powershell.anovelidea.org/?utm_source=twitter&utm_medium=social&utm_campaign=profile,,View
2/7/2020 13:43:03,@MikeKanakos,Mike Kanakos,@BrettMiller_IT @greggZ251 @Schlauge sounds like a topic for a usergroup demo... if only i knew of a place that you could do that... #PSTweetChat #powershell,1225852489276313600,,,,0,2,TweetDeck,1187,441,36,,8/30/2012,"Apex, NC","Leader @RTPSUG | Techwriter: @4sysops, @ipswitch | Contributor: PowerShell Conf Book vol1&2 | http://Powershell.org community director",https://networkadm.in,,View
2/7/2020 13:42:55,@JeffHicks,Jeff Hicks,@WindosNZ The ISE made it easy to have remote tabs. I applied the concept to Windows Terminal. I'll have to blog about it. #pstweetchat,1225852457462501379,,,,0,6,tchat.io,17077,1005,757,,4/22/2008,"Syracuse, NY","IT Pro veteran, Microsoft MVP, author, teacher, speaker, Pluralsight author. AKA Prof. PowerShell Emeritus.",http://jdhitsolutions.com/blog,,View
2/7/2020 13:42:30,@thedavecarroll,Dave Carroll,@BrettMiller_IT @Schlauge @code I use this extension. Pretty cool! #PSTweetChat,1225852350654550016,,,,0,0,TweetDeck,516,1316,10,,5/3/2011,"Nashville, TN",Married to an amazing woman. #PowerShell blogger. Punster. Cynophilist. Cinephile. Technologist. INTJ. Tweets-93% tech/7% random. He/him/his/himself,https://powershell.anovelidea.org/?utm_source=twitter&utm_medium=social&utm_campaign=profile,,View
2/7/2020 13:41:56,@BrettMiller_IT,Brett Miller,@Schlauge @code there's a settings sync extension which works really well. It stores the config in a private gist and uses a PAT token to back up and restore the settings. #PSTweetChat,1225852210849996801,,,,0,1,TweetDeck,981,540,30,,1/16/2017,"Whitley Bay (Newcastle), UK","Automating things in clouds with #PowerShell, @microsoft MVP, I have no idea what I'm doing.",https://millerb.co.uk,,View
2/7/2020 13:41:46,@MikeKanakos,Mike Kanakos,@BrettMiller_IT @Schlauge @greggZ251 I am surprised though that more people aren't familiar with the many #VSCode customizations . @Schlauge and I just did a demo on VSCode and there were more than a few people with looks of surprise on their faces about possibilities. #powershell #PSTweetChat,1225852168110006272,,,,0,1,TweetDeck,1187,441,36,,8/30/2012,"Apex, NC","Leader @RTPSUG | Techwriter: @4sysops, @ipswitch | Contributor: PowerShell Conf Book vol1&2 | http://Powershell.org community director",https://networkadm.in,,View
2/7/2020 13:41:21,@BrettMiller_IT,Brett Miller,@greggZ251 @Schlauge @MikeKanakos I might do an updated VSCode config blog post with my changes since moving away from Windows. That post got a lot of love with my hacks/shortcuts. #PSTweetChat,1225852061016829955,,,,0,3,TweetDeck,981,540,30,,1/16/2017,"Whitley Bay (Newcastle), UK","Automating things in clouds with #PowerShell, @microsoft MVP, I have no idea what I'm doing.",https://millerb.co.uk,,View
2/7/2020 13:41:07,@Schlauge,Phil Bossman,I need to work out the process for syncing my @code extensions and settings from machine to machine I think@TechTrainerTim did a talk about it some time ago. #PSTweetChat,1225852003043172352,,,,0,1,TweetDeck,292,422,5,,8/7/2014,"Raleigh, NC","Husband-Father, Persistent Learner, PowerShell Junkie, Co-Organizer RTPSUG, Citrix Engineer, EUC Opinions are my own",http://schlauge.com,,View
2/7/2020 13:40:41,@WindosNZ,Josh (Windos) King,"@JeffHicks That's a really awesome idea, esp for those handfuls of remote sessions you tend to need regularly! #PSTweetChat",1225851893584289792,,,,0,0,Twitter Web App,1150,855,57,,7/12/2012,New Zealand,"Geek, Father, Walking Helpdesk. Microsoft MVP, Cloud and Datacenter Management.",https://ToastIT.dev,,View
2/7/2020 13:40:13,@greggZ251,Gregg Lott,@Schlauge @BrettMiller_IT @MikeKanakos I have Sapien at work. Depends at home. I have Sublime text there. Sometimes VSCode is flaky for me. Especially PowerShell extension. #PSTweetChat,1225851777637109761,,,,0,0,TweetDeck,40,126,1,,11/20/2015,,,,,View
2/7/2020 13:39:55,@JeffHicks,Jeff Hicks,I blogged about how I added my calendar to my Windows Terminal profile  #pstweetchat,1225851701581754370,https://jdhitsolutions.com/blog/powershell/7212/adding-a-powershell-profile-calendar/,,,1,5,tchat.io,17077,1005,757,,4/22/2008,"Syracuse, NY","IT Pro veteran, Microsoft MVP, author, teacher, speaker, Pluralsight author. AKA Prof. PowerShell Emeritus.",http://jdhitsolutions.com/blog,,View
2/7/2020 13:39:10,@BrettMiller_IT,Brett Miller,@Schlauge @greggZ251 @MikeKanakos the benefits of using one editor totally outweighs any negatives or nuances you may run into. #PSTweetChat,1225851512389275651,,,,0,1,TweetDeck,981,540,30,,1/16/2017,"Whitley Bay (Newcastle), UK","Automating things in clouds with #PowerShell, @microsoft MVP, I have no idea what I'm doing.",https://millerb.co.uk,,View
2/7/2020 13:38:43,@WindosNZ,Josh (Windos) King,"@MikeKanakos There two people that dabble at work, one uses @SAPIENTech PowerShell Studio (pretty sure it's only because he needed to make an exe or GUI at some stage and is making the most of the license) and noticed the other is using @code (without any coaching or threats) #PSTweetChat",1225851399050649600,,,,0,0,Twitter Web App,1150,855,57,,7/12/2012,New Zealand,"Geek, Father, Walking Helpdesk. Microsoft MVP, Cloud and Datacenter Management.",https://ToastIT.dev,,View
2/7/2020 13:38:23,@Schlauge,Phil Bossman,"@greggZ251 @BrettMiller_IT @MikeKanakos Truly,, whats else would you use? #VSCode is so versatile #PSTweetChat",1225851313805778944,,,,0,0,TweetDeck,292,422,5,,8/7/2014,"Raleigh, NC","Husband-Father, Persistent Learner, PowerShell Junkie, Co-Organizer RTPSUG, Citrix Engineer, EUC Opinions are my own",http://schlauge.com,,View
2/7/2020 13:38:11,@BrettMiller_IT,Brett Miller,@greggZ251 @MikeKanakos I'm using @code for everything. Azure Data Studio for SQL stuff. Pretty much the same thing though. #PSTweetChat,1225851265051168769,,,,0,2,TweetDeck,981,540,30,,1/16/2017,"Whitley Bay (Newcastle), UK","Automating things in clouds with #PowerShell, @microsoft MVP, I have no idea what I'm doing.",https://millerb.co.uk,,View
2/7/2020 13:38:10,@MikeKanakos,Mike Kanakos,@greggZ251 @BrettMiller_IT absolutely! #PSTweetChat,1225851261767036928,,,,0,1,TweetDeck,1187,441,36,,8/30/2012,"Apex, NC","Leader @RTPSUG | Techwriter: @4sysops, @ipswitch | Contributor: PowerShell Conf Book vol1&2 | http://Powershell.org community director",https://networkadm.in,,View
2/7/2020 13:37:55,@JeffHicks,Jeff Hicks,@Schlauge You could use my PSReleaseTools module to install. #pstweetchat,1225851196918968322,,,,1,1,tchat.io,17077,1005,757,,4/22/2008,"Syracuse, NY","IT Pro veteran, Microsoft MVP, author, teacher, speaker, Pluralsight author. AKA Prof. PowerShell Emeritus.",http://jdhitsolutions.com/blog,,View
2/7/2020 13:37:51,@thedavecarroll,Dave Carroll,"@MikeKanakos #PowerShell7 is my default, but for work it's still Windows PowerShell 5.1 #PSTweetChat #PowerShell",1225851180464689152,,,,0,0,TweetDeck,516,1316,10,,5/3/2011,"Nashville, TN",Married to an amazing woman. #PowerShell blogger. Punster. Cynophilist. Cinephile. Technologist. INTJ. Tweets-93% tech/7% random. He/him/his/himself,https://powershell.anovelidea.org/?utm_source=twitter&utm_medium=social&utm_campaign=profile,,View
2/7/2020 13:37:33,@MikeKanakos,Mike Kanakos,@BrettMiller_IT that's why i love VSCode so much.... the ability to do many things from one console. #PSTweetChat #powershell,1225851107362181124,,,,0,1,TweetDeck,1187,441,36,,8/30/2012,"Apex, NC","Leader @RTPSUG | Techwriter: @4sysops, @ipswitch | Contributor: PowerShell Conf Book vol1&2 | http://Powershell.org community director",https://networkadm.in,,View
2/7/2020 13:37:29,@Schlauge,Phil Bossman,"@thedavecarroll @JeffHicks @MikeKanakos My issue with Terminal is.... I was only Just able to install it last week... Internal IS, finally deployed Win10 1909 and roll out will take months So I feel behind the curve #PSTweetChat",1225851087900545025,,,,0,0,TweetDeck,292,422,5,,8/7/2014,"Raleigh, NC","Husband-Father, Persistent Learner, PowerShell Junkie, Co-Organizer RTPSUG, Citrix Engineer, EUC Opinions are my own",http://schlauge.com,,View
2/7/2020 13:37:23,@greggZ251,Gregg Lott,@BrettMiller_IT @MikeKanakos Are you using VSCode for markdown? #PSTweetChat,1225851061904330754,,,,0,1,TweetDeck,40,126,1,,11/20/2015,,,,,View
2/7/2020 13:37:11,@JeffHicks,Jeff Hicks,I even have Windows Terminal profile that opens a #PowerShell Remoting session #PSTweetChat,1225851014068260865,,https://pbs.twimg.com/media/EQMY4rPWAAAtR05.png,,1,6,TweetDeck,17077,1005,757,,4/22/2008,"Syracuse, NY","IT Pro veteran, Microsoft MVP, author, teacher, speaker, Pluralsight author. AKA Prof. PowerShell Emeritus.",http://jdhitsolutions.com/blog,,View
2/7/2020 13:36:39,@BrettMiller_IT,Brett Miller,"@MikeKanakos Some colleagues still prefer ISE when writing code but alot of my job involves writing things other than PS now so having an editor that can do sql, PS, terraform, parse JSON & markdown is fundamental. #PSTweetChat",1225850877841461250,,,,0,0,TweetDeck,981,540,30,,1/16/2017,"Whitley Bay (Newcastle), UK","Automating things in clouds with #PowerShell, @microsoft MVP, I have no idea what I'm doing.",https://millerb.co.uk,,View
2/7/2020 13:35:59,@greggZ251,Gregg Lott,@MikeKanakos Two of mine use PowerGUI. Some of the others ISE. #PSTweetChat,1225850712824963073,,,,0,0,TweetDeck,40,126,1,,11/20/2015,,,,,View
2/7/2020 13:35:39,@Schlauge,Phil Bossman,I find it's only on admin and development machines. #PSTweetChat,1225850628280377344,,,,0,0,TweetDeck,292,422,5,,8/7/2014,"Raleigh, NC","Husband-Father, Persistent Learner, PowerShell Junkie, Co-Organizer RTPSUG, Citrix Engineer, EUC Opinions are my own",http://schlauge.com,,View
2/7/2020 13:35:00,@thedavecarroll,Dave Carroll,"@JeffHicks @MikeKanakos I'm definitely using Windows Terminal, with #PowerShell 7 as my default. #PSTweetChat",1225850462911500288,,,,0,0,TweetDeck,516,1316,10,,5/3/2011,"Nashville, TN",Married to an amazing woman. #PowerShell blogger. Punster. Cynophilist. Cinephile. Technologist. INTJ. Tweets-93% tech/7% random. He/him/his/himself,https://powershell.anovelidea.org/?utm_source=twitter&utm_medium=social&utm_campaign=profile,,View
2/7/2020 13:34:50,@Schlauge,Phil Bossman,What are people doing about mass deployment of PowerShell 7 or even PSCore across and enterprise. #PSTweetChat,1225850421027143680,,,,0,0,TweetDeck,292,422,5,,8/7/2014,"Raleigh, NC","Husband-Father, Persistent Learner, PowerShell Junkie, Co-Organizer RTPSUG, Citrix Engineer, EUC Opinions are my own",http://schlauge.com,,View
2/7/2020 13:34:40,@BrettMiller_IT,Brett Miller,@WindosNZ @JeffHicks @MikeKanakos No windows terminal on MacOS but been playing with my zsh and powershell prompt some more. It's like an addiction. #PSTweetChat,1225850378249474049,,,,0,1,TweetDeck,981,540,30,,1/16/2017,"Whitley Bay (Newcastle), UK","Automating things in clouds with #PowerShell, @microsoft MVP, I have no idea what I'm doing.",https://millerb.co.uk,,View
2/7/2020 13:34:34,@MikeKanakos,Mike Kanakos,How many people have a co-worker who still prefers ISE for everyday work ? (i get it if you are stuck working from a server...) #PSTweetChat #PowerShell,1225850353712844800,,,,0,4,TweetDeck,1187,441,36,,8/30/2012,"Apex, NC","Leader @RTPSUG | Techwriter: @4sysops, @ipswitch | Contributor: PowerShell Conf Book vol1&2 | http://Powershell.org community director",https://networkadm.in,,View
2/7/2020 13:34:27,@MrTerzic,VukaÅ¡in TerziÄ‡ â˜ï¸,@MikeKanakos I already use it since early preview. I will start adding it to production servers after GA (where using new features makes sense). #pstweetchat,1225850327192264704,,,,0,0,Twitter for iPhone,56,332,2,,4/24/2016,,Microsoft Azure â˜ï¸ and PowerShell enthusiast. Experienced IT consultant and solution architect. Blogging at http://AzureIs.Fun I enjoy ðŸ‘¨â€ðŸ‘©â€ðŸ‘§â˜•ï¸ðŸŒŠðŸ¤¿ðŸƒðŸ»â€â™‚ï¸ðŸª‚,http://vukasinterzic.com,,View
2/7/2020 13:33:51,@WindosNZ,Josh (Windos) King,"@JeffHicks @MikeKanakos I tend to spend very little time at interactive consoles, tough Windows Terminal is the one I have pinned to my task bar. I just wish I could change what launches from the Win + X menu since that's my muscle memory (change it to Win Terminal with #PowerShell7) #PSTweetChat",1225850174477488128,,,,0,0,Twitter Web App,1150,855,57,,7/12/2012,New Zealand,"Geek, Father, Walking Helpdesk. Microsoft MVP, Cloud and Datacenter Management.",https://ToastIT.dev,,View
2/7/2020 13:32:54,@BrettMiller_IT,Brett Miller,@MikeKanakos I think this is a common problem in a lot of places. It's not a familar tool and not an easy one to get started with. Small steps and learning together is fundamental so all of the team find it accessible. #PSTweetChat,1225849933636554752,,,,0,3,TweetDeck,981,540,30,,1/16/2017,"Whitley Bay (Newcastle), UK","Automating things in clouds with #PowerShell, @microsoft MVP, I have no idea what I'm doing.",https://millerb.co.uk,,View
2/7/2020 13:31:37,@MikeKanakos,Mike Kanakos,paging @steviecoaster and @Schlauge .... #PSTweetChat ... you're late!,1225849612289937414,,,,0,1,TweetDeck,1187,441,36,,8/30/2012,"Apex, NC","Leader @RTPSUG | Techwriter: @4sysops, @ipswitch | Contributor: PowerShell Conf Book vol1&2 | http://Powershell.org community director",https://networkadm.in,,View
2/7/2020 13:31:17,@Schlauge,Phil Bossman,"@MikeKanakos @JeffHicks I feel i need to up my reporting game. So many machines I connect to don't have pwsh 7, so i defer to in-box #PSTweetChat",1225849529691516930,,,,0,0,TweetDeck,292,422,5,,8/7/2014,"Raleigh, NC","Husband-Father, Persistent Learner, PowerShell Junkie, Co-Organizer RTPSUG, Citrix Engineer, EUC Opinions are my own",http://schlauge.com,,View
2/7/2020 13:31:02,@WindosNZ,Josh (Windos) King,@MikeKanakos @JeffHicks After ISO 8601 it's the only one that makes sense ðŸ¤£ #PSTweetChat,1225849465749168128,,,,0,0,Twitter Web App,1150,855,57,,7/12/2012,New Zealand,"Geek, Father, Walking Helpdesk. Microsoft MVP, Cloud and Datacenter Management.",https://ToastIT.dev,,View
2/7/2020 13:30:47,@thedavecarroll,Dave Carroll,I've recently updated my #PoShEvents module that helps with Windows event log data mining. Going to write a post soon that details the enhancements.  #PSTweetChat #PowerShell #WindowsEventLogs #PowerShellGallery,1225849404260831234,http://bit.ly/PoShEvents,,,2,3,Twitter Web App,516,1316,10,,5/3/2011,"Nashville, TN",Married to an amazing woman. #PowerShell blogger. Punster. Cynophilist. Cinephile. Technologist. INTJ. Tweets-93% tech/7% random. He/him/his/himself,https://powershell.anovelidea.org/?utm_source=twitter&utm_medium=social&utm_campaign=profile,,View
2/7/2020 13:30:47,@JeffHicks,Jeff Hicks,"@MikeKanakos Oh, you mean the proper date format? ;-) #PSTweetChat",1225849404122419203,,,,0,2,TweetDeck,17077,1005,757,,4/22/2008,"Syracuse, NY","IT Pro veteran, Microsoft MVP, author, teacher, speaker, Pluralsight author. AKA Prof. PowerShell Emeritus.",http://jdhitsolutions.com/blog,,View
2/7/2020 13:30:44,@greggZ251,Gregg Lott,@JeffHicks @MikeKanakos That is where I run 7 from most of the time along with a WSL window. #PSTweetChat,1225849391581474817,,,,0,0,TweetDeck,40,126,1,,11/20/2015,,,,,View
2/7/2020 13:29:55,@MikeKanakos,Mike Kanakos,@JeffHicks I am moving that way now! #PSTweetChat,1225849182885470208,,,,0,1,TweetDeck,1187,441,36,,8/30/2012,"Apex, NC","Leader @RTPSUG | Techwriter: @4sysops, @ipswitch | Contributor: PowerShell Conf Book vol1&2 | http://Powershell.org community director",https://networkadm.in,,View
2/7/2020 13:29:54,@WindosNZ,Josh (Windos) King,"@MikeKanakos Unfortunately I'm tied to a SOAP API at work that is *way* more convenient in 5.1, but I use 7 as much as I can. #PSTweetChat",1225849182323265536,,,,0,0,Twitter Web App,1150,855,57,,7/12/2012,New Zealand,"Geek, Father, Walking Helpdesk. Microsoft MVP, Cloud and Datacenter Management.",https://ToastIT.dev,,View
2/7/2020 13:29:42,@BrettMiller_IT,Brett Miller,@MikeKanakos been using 7 as my daily driver since the first previews. Finding there's very little that I have to revert to older for. #PSTweetChat,1225849131912105986,,,,0,1,TweetDeck,981,540,30,,1/16/2017,"Whitley Bay (Newcastle), UK","Automating things in clouds with #PowerShell, @microsoft MVP, I have no idea what I'm doing.",https://millerb.co.uk,,View
2/7/2020 13:29:40,@frumpa,Al Degutis,"wondering how others are securely storing secrets that tasks on multiple servers need to access. in this case, referring to on-prem data center. The preview of the Secrets Management module only works with the local Windows credential store, not a shared resource #PSTweetChat",1225849120700739584,,,,0,0,Twitter Web App,114,183,3,,12/17/2012,"Woodstock, IL","Info Geek, PowerShell addict, Automation Engineer and ENTP",,,View
2/7/2020 13:29:17,@JeffHicks,Jeff Hicks,@MikeKanakos I'm more curious when people will move to Windows Terminal in place of the traditional console. #pstweetchat,1225849023422255104,,,,0,4,tchat.io,17077,1005,757,,4/22/2008,"Syracuse, NY","IT Pro veteran, Microsoft MVP, author, teacher, speaker, Pluralsight author. AKA Prof. PowerShell Emeritus.",http://jdhitsolutions.com/blog,,View
2/7/2020 13:29:16,@jbirley,Jim Birley âš¡ðŸ’€ðŸŒ¹,@JeffHicks I like this idea Jeff. I think versioning functions is a good idea. Anyway to enhance the extensibility of metadata in PowerShell I am all for. #PSTweetChat,1225849020066811905,,,,0,0,TweetDeck,426,951,26,,8/2/2009,,"Father, Husband, & Virtualization Engineer: Server/App Perf Mgmt, Windows Internals. Powershell - Automate Everything! Hobbies: Photography; Home Theater.",,,View
2/7/2020 13:29:12,@MikeKanakos,Mike Kanakos,@JeffHicks that's not the date format I would have expected to see... #PSTweetChat,1225849005101457409,,,,0,2,TweetDeck,1187,441,36,,8/30/2012,"Apex, NC","Leader @RTPSUG | Techwriter: @4sysops, @ipswitch | Contributor: PowerShell Conf Book vol1&2 | http://Powershell.org community director",https://networkadm.in,,View
2/7/2020 13:29:02,@PSJamesP,James Petty,"The #PSConfBook volume 2 is complete as well. Check it out, all the proceeds go to the ON-Ramp program at #PSHSummit . #pstweetchat",1225848963108089856,http://bit.ly/3aYIshr,https://pbs.twimg.com/media/EQMXIsMWsAAmsq2.png,,1,3,Buffer,1015,327,26,,6/12/2017,"Chattanooga, TN",CEO and Executive Director @DevOpsOrg and @PSHorg | - http://PowerShell.org Cloud and Datacenter MVP Automator of things and PowerShell enthusiast,http://www.ScriptAutomateRepeat.com,,View
2/7/2020 13:28:46,@greggZ251,Gregg Lott,@MikeKanakos I use it every day at work unless I don't have a choice. #PSTweetChat,1225848896712314881,,,,0,1,TweetDeck,40,126,1,,11/20/2015,,,,,View
2/7/2020 13:28:29,@JeffHicks,Jeff Hicks,@MikeKanakos It already is. #PSTweetchat,1225848824926785536,,https://pbs.twimg.com/media/EQMW-GGUYAAJoW8.jpg,,0,5,TweetDeck,17077,1005,757,,4/22/2008,"Syracuse, NY","IT Pro veteran, Microsoft MVP, author, teacher, speaker, Pluralsight author. AKA Prof. PowerShell Emeritus.",http://jdhitsolutions.com/blog,,View
2/7/2020 13:27:44,@WindosNZ,Josh (Windos) King,"Anyone played with the new Secrets Management #PowerShell module yet? It's been good so far, just not a drop in replacement for CredentialManager (which makes sense given how it stores the secrets) #PSTweetChat",1225848635532820480,https://devblogs.microsoft.com/powershell/secrets-management-development-release/,,,0,2,Twitter Web App,1150,855,57,,7/12/2012,New Zealand,"Geek, Father, Walking Helpdesk. Microsoft MVP, Cloud and Datacenter Management.",https://ToastIT.dev,,View
2/7/2020 13:26:34,@JeffHicks,Jeff Hicks,You can still buy the first volume of the #PowerShell Conference Book  #pstweetchat,1225848341055098881,https://leanpub.com/powershell-conference-book,,,2,3,tchat.io,17077,1005,757,,4/22/2008,"Syracuse, NY","IT Pro veteran, Microsoft MVP, author, teacher, speaker, Pluralsight author. AKA Prof. PowerShell Emeritus.",http://jdhitsolutions.com/blog,,View
2/7/2020 13:25:36,@MikeKanakos,Mike Kanakos,How long will you wait until you move to #PowerShell7 as you daily driver? Have you moved to it already? #PSTweetChat #PowerShell,1225848097231851520,,,,0,5,TweetDeck,1187,441,36,,8/30/2012,"Apex, NC","Leader @RTPSUG | Techwriter: @4sysops, @ipswitch | Contributor: PowerShell Conf Book vol1&2 | http://Powershell.org community director",https://networkadm.in,,View
2/7/2020 13:23:13,@JeffHicks,Jeff Hicks,I opened an issue for #PowerShell 7 you might want to think about or comment on  #pstweetchat,1225847499333742592,https://github.com/PowerShell/PowerShell/issues/11667,,,1,2,tchat.io,17077,1005,757,,4/22/2008,"Syracuse, NY","IT Pro veteran, Microsoft MVP, author, teacher, speaker, Pluralsight author. AKA Prof. PowerShell Emeritus.",http://jdhitsolutions.com/blog,,View
2/7/2020 13:23:13,@WindosNZ,Josh (Windos) King,Something bit is coming! #PSTweetChat  RT @JeffHicks: Also want to make sure everyone knows about the upcoming #PSBlogweek on PowerShell 7  #pstweetchat,1225847498809327616,"https://twitter.com/JeffHicks/status/1225846037983657984
https://jdhitsolutions.com/blog/powershell-7/7227/a-new-powershell-psblogweek-is-coming/",https://pbs.twimg.com/media/EQMVyeYU0AAWW45.jpg,,1,6,Twitter Web App,1150,855,57,,7/12/2012,New Zealand,"Geek, Father, Walking Helpdesk. Microsoft MVP, Cloud and Datacenter Management.",https://ToastIT.dev,,View
2/7/2020 13:20:01,@JeffHicks,Jeff Hicks,I also pushed a new version of PSScriptTools to the #PowerShell Gallery with a few new tools.  #pstweetchat,1225846695247962113,https://github.com/jdhitsolutions/PSScriptTools/releases/tag/v2.15.1,,,3,7,tchat.io,17077,1005,757,,4/22/2008,"Syracuse, NY","IT Pro veteran, Microsoft MVP, author, teacher, speaker, Pluralsight author. AKA Prof. PowerShell Emeritus.",http://jdhitsolutions.com/blog,,View
2/7/2020 13:19:57,@WindosNZ,Josh (Windos) King,"@TommyAronsson Ah, I've not had to do that yet. So far just using MFA accounts on the customers tenant directly (and I'm so glad that works well now.) #PSTweetChat",1225846677585588224,,,,0,1,Twitter Web App,1150,855,57,,7/12/2012,New Zealand,"Geek, Father, Walking Helpdesk. Microsoft MVP, Cloud and Datacenter Management.",https://ToastIT.dev,,View
2/7/2020 13:19:34,@MrTerzic,VukaÅ¡in TerziÄ‡ â˜ï¸,"I spent 4 hours trying to run complex script with a lot of dependencies from Azure Pipeline container and no success. Then I went for a walk, came back, looked at the problem from different perspective, and fixed it in 5 minutes #PSTweetChat #TGIF",1225846578142941184,,,,0,5,Twitter for iPhone,56,332,2,,4/24/2016,,Microsoft Azure â˜ï¸ and PowerShell enthusiast. Experienced IT consultant and solution architect. Blogging at http://AzureIs.Fun I enjoy ðŸ‘¨â€ðŸ‘©â€ðŸ‘§â˜•ï¸ðŸŒŠðŸ¤¿ðŸƒðŸ»â€â™‚ï¸ðŸª‚,http://vukasinterzic.com,,View
2/7/2020 13:18:46,@MikeKanakos,Mike Kanakos,hey @WindosNZ & @IISResetMe fyi! @rtpsug is shooting for a mid-october date this year for our #PSStaturday! We'll firm the date up in the next month. #PSTweetChat #PowerShell,1225846379181989888,,,,1,4,TweetDeck,1187,441,36,,8/30/2012,"Apex, NC","Leader @RTPSUG | Techwriter: @4sysops, @ipswitch | Contributor: PowerShell Conf Book vol1&2 | http://Powershell.org community director",https://networkadm.in,,View
2/7/2020 13:18:03,@PSJamesP,James Petty,@PSHChatt is also having their 3rd PowerShell on the River August 14-15 in #CHattanooga TN. #pstweetchat #PSOTR,1225846197010796545,,,,2,3,Buffer,1015,327,26,,6/12/2017,"Chattanooga, TN",CEO and Executive Director @DevOpsOrg and @PSHorg | - http://PowerShell.org Cloud and Datacenter MVP Automator of things and PowerShell enthusiast,http://www.ScriptAutomateRepeat.com,,View
2/7/2020 13:17:45,@PSJamesP,James Petty,@JeffHicks I saw that. I can't wait. #PSTweetChat,1225846124772282370,,,,0,0,TweetDeck,1015,327,26,,6/12/2017,"Chattanooga, TN",CEO and Executive Director @DevOpsOrg and @PSHorg | - http://PowerShell.org Cloud and Datacenter MVP Automator of things and PowerShell enthusiast,http://www.ScriptAutomateRepeat.com,,View
2/7/2020 13:17:25,@JeffHicks,Jeff Hicks,Also want to make sure everyone knows about the upcoming #PSBlogweek on PowerShell 7  #pstweetchat,1225846037983657984,https://jdhitsolutions.com/blog/powershell-7/7227/a-new-powershell-psblogweek-is-coming/,,,2,7,tchat.io,17077,1005,757,,4/22/2008,"Syracuse, NY","IT Pro veteran, Microsoft MVP, author, teacher, speaker, Pluralsight author. AKA Prof. PowerShell Emeritus.",http://jdhitsolutions.com/blog,,View
2/7/2020 13:17:07,@jbirley,Jim Birley âš¡ðŸ’€ðŸŒ¹,"@PSJamesP @JeffHicks The rainbow unicorn thing seems a little cringy, but OK! #PSTweetChat",1225845964126195714,,,,0,0,TweetDeck,426,951,26,,8/2/2009,,"Father, Husband, & Virtualization Engineer: Server/App Perf Mgmt, Windows Internals. Powershell - Automate Everything! Hobbies: Photography; Home Theater.",,,View
2/7/2020 13:16:52,@PSJamesP,James Petty,@WindosNZ Nashville will be very fun as well!! #PSTweetChat,1225845901912150016,,,,0,1,TweetDeck,1015,327,26,,6/12/2017,"Chattanooga, TN",CEO and Executive Director @DevOpsOrg and @PSHorg | - http://PowerShell.org Cloud and Datacenter MVP Automator of things and PowerShell enthusiast,http://www.ScriptAutomateRepeat.com,,View
2/7/2020 13:16:05,@jbirley,Jim Birley âš¡ðŸ’€ðŸŒ¹,@JeffHicks @PSJamesP And a Game of Thrones throne made with golf clubs. LOL #PSTweetChat,1225845702674276352,,,,0,0,TweetDeck,426,951,26,,8/2/2009,,"Father, Husband, & Virtualization Engineer: Server/App Perf Mgmt, Windows Internals. Powershell - Automate Everything! Hobbies: Photography; Home Theater.",,,View
2/7/2020 13:16:01,@WindosNZ,Josh (Windos) King,"@PSJamesP I'm trying for Nashville. I am over in March for the MVP Summit, little too soon to be over again after that for the ""main"" PS summit. #PSTweetChat",1225845687750782978,,,,0,0,Twitter Web App,1150,855,57,,7/12/2012,New Zealand,"Geek, Father, Walking Helpdesk. Microsoft MVP, Cloud and Datacenter Management.",https://ToastIT.dev,,View
2/7/2020 13:15:47,@PSJamesP,James Petty,@JeffHicks @jbirley oh and the food is AMAZING #PSTweetChat,1225845629924134913,,,,0,0,TweetDeck,1015,327,26,,6/12/2017,"Chattanooga, TN",CEO and Executive Director @DevOpsOrg and @PSHorg | - http://PowerShell.org Cloud and Datacenter MVP Automator of things and PowerShell enthusiast,http://www.ScriptAutomateRepeat.com,,View
2/7/2020 13:15:34,@JeffHicks,Jeff Hicks,"@jbirley @PSJamesP Oh, I see. Golf. Never mind. #pstweetchat",1225845573099585536,,,,0,3,tchat.io,17077,1005,757,,4/22/2008,"Syracuse, NY","IT Pro veteran, Microsoft MVP, author, teacher, speaker, Pluralsight author. AKA Prof. PowerShell Emeritus.",http://jdhitsolutions.com/blog,,View
2/7/2020 13:14:59,@JeffHicks,Jeff Hicks,@jbirley @PSJamesP It has a Swing Suite! What are you getting us into? ;-) #pstweetchat,1225845426802262016,,,,0,1,tchat.io,17077,1005,757,,4/22/2008,"Syracuse, NY","IT Pro veteran, Microsoft MVP, author, teacher, speaker, Pluralsight author. AKA Prof. PowerShell Emeritus.",http://jdhitsolutions.com/blog,,View
2/7/2020 13:14:03,@MikeKanakos,Mike Kanakos,Who is still hoping to buy a ticket to #PSHSummit ? PSA - there less than 30 ticket left... you need to move it! #PSTweetChat #PowerShell,1225845192101711872,,,,0,2,TweetDeck,1187,441,36,,8/30/2012,"Apex, NC","Leader @RTPSUG | Techwriter: @4sysops, @ipswitch | Contributor: PowerShell Conf Book vol1&2 | http://Powershell.org community director",https://networkadm.in,,View
2/7/2020 13:14:02,@PSJamesP,James Petty,As of now there are only 35 tickets left for #PSHSummit. Better get them before they are gone. I expect them to be gone by next week.  #pstweetchat,1225845189178200065,https://buff.ly/2C9XNvg,,,1,4,Buffer,1015,327,26,,6/12/2017,"Chattanooga, TN",CEO and Executive Director @DevOpsOrg and @PSHorg | - http://PowerShell.org Cloud and Datacenter MVP Automator of things and PowerShell enthusiast,http://www.ScriptAutomateRepeat.com,,View